region_key,month,day,TMIN,TMAX,IRRAD,VAP,WIND,RAIN,n_years
ia,1,1,-10.4867,-2.54,6416666.7,2.9981,3.4686,0.063,30
ia,1,2,-10.0167,-2.4,6825000.0,3.3826,3.1027,0.0937,30
ia,1,3,-9.86,-0.4333,6520333.3,3.3934,3.2174,0.1083,30
ia,1,4,-9.28,-1.5033,6590000.0,3.3489,3.5852,0.1007,30
ia,1,5,-10.5333,-1.5633,6983333.3,3.1838,3.5777,0.0823,30
ia,1,6,-10.76,-3.3167,7261666.7,3.1781,3.1427,0.0877,30
ia,1,7,-11.02,-2.3133,7560333.3,3.1187,3.1319,0.0713,30
ia,1,8,-9.4733,-0.8467,7159666.7,3.1834,3.0945,0.0453,30
ia,1,9,-9.37,-0.4333,6718333.3,3.3275,3.4109,0.066,30
ia,1,10,-9.4167,-1.0667,7048666.7,3.2599,3.396,0.11,30
ia,1,11,-8.6333,-0.1767,6752666.7,3.5747,3.2059,0.0867,30
ia,1,12,-9.84,-1.2867,7029333.3,3.2118,3.4367,0.0907,30
ia,1,13,-11.57,-2.83,7779666.7,2.9038,3.3235,0.016,30
ia,1,14,-10.23,-2.3433,6910333.3,3.1201,3.1324,0.1357,30
ia,1,15,-11.0067,-2.45,8196000.0,2.9599,3.248,0.134,30
ia,1,16,-10.6433,-2.4267,7252333.3,3.164,3.4379,0.097,30
ia,1,17,-10.57,-2.4567,6947666.7,3.2213,3.435,0.146,30
ia,1,18,-11.1633,-0.9,7955000.0,3.0799,3.4915,0.1253,30
ia,1,19,-11.87,-2.5267,8509666.7,2.9606,3.378,0.111,30
ia,1,20,-12.71,-4.3933,7685333.3,2.7859,2.8467,0.074,30
ia,1,21,-11.3567,-3.66,7678000.0,3.155,3.1558,0.1103,30
ia,1,22,-9.62,-1.5433,7719333.3,3.4534,3.4856,0.157,30
ia,1,23,-10.6467,-2.6867,7986666.7,3.1518,3.356,0.102,30
ia,1,24,-10.6133,-2.0567,8609666.7,3.157,3.0819,0.0693,30
ia,1,25,-10.3333,-2.31,8441333.3,3.1342,3.2059,0.1153,30
ia,1,26,-10.2567,-1.5167,8592666.7,3.1438,3.4496,0.1793,30
ia,1,27,-10.23,-1.0533,8831333.3,3.3047,3.5258,0.1043,30
ia,1,28,-10.45,-2.4367,8660333.3,3.3906,3.096,0.0693,30
ia,1,29,-10.22,-1.9667,8607333.3,3.3616,3.2222,0.1063,30
ia,1,30,-11.27,-3.1267,9132000.0,3.0523,3.1226,0.0727,30
ia,1,31,-9.2533,-1.1333,9150000.0,3.7429,3.1525,0.089,30
ia,2,1,-9.3333,-0.8467,9094333.3,3.768,2.9344,0.187,30
ia,2,2,-10.43,-2.0967,10117000.0,3.4918,3.1712,0.1167,30
ia,2,3,-10.6967,-2.1867,9402666.7,3.4254,3.4255,0.0603,30
ia,2,4,-11.69,-2.1633,10059333.3,2.9883,3.6479,0.1457,30
ia,2,5,-11.7433,-2.09,10154000.0,2.9533,3.0778,0.0857,30
ia,2,6,-10.08,-0.4333,10323666.7,3.3694,2.8163,0.1173,30
ia,2,7,-9.3,-1.4133,10064333.3,3.4723,3.0103,0.068,30
ia,2,8,-9.7467,-1.2667,11113666.7,3.333,3.096,0.0703,30
ia,2,9,-9.2367,-0.9633,10546333.3,3.4427,3.4221,0.1277,30
ia,2,10,-10.0367,-1.5367,11125000.0,3.2665,3.5895,0.0937,30
ia,2,11,-10.8467,-1.0467,10710666.7,3.1589,3.6046,0.111,30
ia,2,12,-9.68,-1.66,12277666.7,3.0013,3.3998,0.0523,30
ia,2,13,-10.24,0.03,11598666.7,3.0933,2.9691,0.109,30
ia,2,14,-7.8867,0.8967,11293666.7,3.6439,3.4887,0.1187,30
ia,2,15,-9.3133,-0.0267,12058000.0,3.3899,3.5928,0.1013,30
ia,2,16,-9.8033,-0.5533,12542333.3,3.1265,3.3615,0.0623,30
ia,2,17,-8.7067,0.64,11785000.0,3.5185,3.5145,0.1427,30
ia,2,18,-7.96,2.8767,12570333.3,3.7288,3.5064,0.0707,30
ia,2,19,-7.7567,2.3467,12498333.3,3.9064,3.016,0.0827,30
ia,2,20,-5.51,3.5733,11219000.0,4.486,3.345,0.31,30
ia,2,21,-5.93,3.1167,11743000.0,4.1469,3.2681,0.073,30
ia,2,22,-5.6733,3.8467,12252333.3,4.1661,3.1537,0.092,30
ia,2,23,-5.79,2.7367,11973000.0,4.4101,3.2923,0.1403,30
ia,2,24,-6.4733,2.6133,11261333.3,4.0216,3.7317,0.319,30
ia,2,25,-6.7633,2.9267,13503666.7,3.9397,3.3498,0.203,30
ia,2,26,-7.34,3.2,12512666.7,3.8554,3.4987,0.132,30
ia,2,27,-6.9033,3.1067,14265000.0,3.8562,3.2346,0.149,30
ia,2,28,-7.1833,2.8033,13475666.7,3.6362,3.5066,0.071,30
ia,3,1,-5.6733,3.7067,13662333.3,4.0468,3.3531,0.165,30
ia,3,2,-7.6367,3.09,14782333.3,3.6617,3.2959,0.055,30
ia,3,3,-7.06,2.8733,14635666.7,3.4721,3.414,0.0483,30
ia,3,4,-6.8433,4.2867,13676333.3,3.7246,3.0929,0.0733,30
ia,3,5,-4.4167,3.98,13667666.7,4.5775,3.4987,0.261,30
ia,3,6,-4.9567,6.11,15417000.0,4.5511,3.3261,0.0867,30
ia,3,7,-3.5833,5.8067,13558666.7,4.9085,3.6623,0.1677,30
ia,3,8,-3.9167,5.0133,13575000.0,4.8283,3.6618,0.294,30
ia,3,9,-4.24,5.0067,13888000.0,4.633,3.6077,0.3677,30
ia,3,10,-4.26,6.2767,15085333.3,4.6203,3.2052,0.1357,30
ia,3,11,-3.3533,7.6167,16410000.0,4.6217,3.4142,0.115,30
ia,3,12,-3.03,7.47,14668333.3,5.0219,3.3084,0.131,30
ia,3,13,-1.4933,9.14,14983666.7,5.6628,3.3888,0.1523,30
ia,3,14,-1.23,10.61,15465333.3,5.9143,3.1664,0.1057,30
ia,3,15,-2.2067,9.7367,15633666.7,5.5808,2.9667,0.1253,30
ia,3,16,-0.7767,10.15,15421333.3,5.8161,3.2207,0.0893,30
ia,3,17,0.19,9.9567,15749333.3,6.0672,3.3397,0.1363,30
ia,3,18,-0.62,8.6333,13914000.0,5.6633,3.2722,0.1997,30
ia,3,19,-1.49,9.8767,15387000.0,5.4704,3.1635,0.1837,30
ia,3,20,-0.59,10.6533,16428000.0,5.6023,3.3019,0.253,30
ia,3,21,-0.5633,11.1833,17460000.0,5.4678,3.2025,0.099,30
ia,3,22,-0.3333,10.1533,15486333.3,5.7179,2.9456,0.2453,30
ia,3,23,0.0867,9.8333,13982333.3,5.8979,3.1096,0.2603,30
ia,3,24,1.2967,9.5667,11945666.7,6.6221,3.4932,0.5327,30
ia,3,25,0.5633,9.4567,15873333.3,6.1895,3.6457,0.2603,30
ia,3,26,-0.1833,10.7333,15929000.0,6.1704,3.0553,0.1837,30
ia,3,27,1.1833,11.27,15099666.7,6.4784,3.418,0.2013,30
ia,3,28,0.66,11.6133,17001000.0,6.2016,3.1949,0.158,30
ia,3,29,1.4567,12.9267,17312333.3,6.109,3.5358,0.136,30
ia,3,30,2.92,14.43,14962333.3,6.8015,3.5296,0.336,30
ia,3,31,2.3667,13.33,16248666.7,6.8096,3.7628,0.4483,30
ia,4,1,1.0767,13.0867,18434333.3,6.138,3.4398,0.1487,30
ia,4,2,2.2567,14.9267,17525000.0,6.6575,3.2648,0.1863,30
ia,4,3,3.01,14.9133,15632666.7,6.8914,3.5164,0.2627,30
ia,4,4,0.6567,13.9033,18821333.3,5.673,3.6769,0.1593,30
ia,4,5,2.0767,14.7467,17571333.3,6.3527,3.3804,0.3133,30
ia,4,6,3.5533,14.71,17091666.7,7.1464,3.9786,0.3967,30
ia,4,7,2.9767,14.0867,16318666.7,7.2063,3.9604,0.392,30
ia,4,8,1.9133,13.6067,18071666.7,6.6003,3.4358,0.2513,30
ia,4,9,1.4433,14.6367,18351666.7,6.4498,3.1211,0.2527,30
ia,4,10,3.65,15.6767,17260666.7,6.8575,3.7195,0.4497,30
ia,4,11,4.07,16.0133,16805666.7,7.4895,3.6175,0.5547,30
ia,4,12,4.0533,15.5333,17667333.3,7.2948,3.7437,0.294,30
ia,4,13,3.6633,17.1567,19694333.3,7.2594,3.5806,0.361,30
ia,4,14,4.5667,17.0333,20101666.7,7.6705,3.6266,0.3857,30
ia,4,15,5.3967,17.7433,18495000.0,7.9503,3.8651,0.4717,30
ia,4,16,4.9467,16.44,18566666.7,8.0755,4.087,0.2933,30
ia,4,17,4.4933,16.7333,19498666.7,7.8421,3.0577,0.2103,30
ia,4,18,6.2433,17.4333,17947000.0,8.5655,3.4276,0.5437,30
ia,4,19,5.4633,16.9067,17327666.7,8.6707,3.4475,0.587,30
ia,4,20,5.34,15.9067,16130333.3,8.2539,3.4805,0.4793,30
ia,4,21,5.26,16.6567,19076666.7,7.9422,3.4949,0.2663,30
ia,4,22,5.4633,17.7333,19442666.7,8.0653,3.1436,0.4847,30
ia,4,23,5.4767,18.4567,21094000.0,7.8508,3.3266,0.1767,30
ia,4,24,6.4233,18.9067,19879666.7,8.2468,3.2255,0.2867,30
ia,4,25,6.3533,18.14,18276000.0,8.2611,3.4305,0.428,30
ia,4,26,5.6,17.4633,18746000.0,7.9743,3.4336,0.417,30
ia,4,27,5.82,17.9267,18906000.0,7.8706,3.5442,0.4707,30
ia,4,28,6.35,17.76,18877333.3,8.5207,3.3457,0.3553,30
ia,4,29,7.2633,17.9067,17474000.0,8.9844,3.5088,0.2783,30
ia,4,30,7.9933,18.29,16193666.7,9.5053,3.5907,0.7473,30
ia,5,1,7.9867,18.29,18361333.3,8.9561,3.7391,0.2113,30
ia,5,2,7.2133,18.51,18977333.3,9.1359,3.1144,0.66,30
ia,5,3,6.94,18.82,20261666.7,9.2012,2.9978,0.422,30
ia,5,4,7.9467,20.6167,20764333.3,9.6079,3.254,0.3333,30
ia,5,5,9.38,21.2733,20412333.3,10.2368,3.2907,0.34,30
ia,5,6,10.23,21.6333,19315333.3,11.6437,3.1156,0.2847,30
ia,5,7,11.0767,21.7433,19687000.0,11.6248,3.2114,0.475,30
ia,5,8,11.16,21.51,17596333.3,11.8311,3.5691,0.5933,30
ia,5,9,10.4633,21.53,19348333.3,12.102,3.4173,0.5657,30
ia,5,10,10.2867,21.8633,18957000.0,11.7556,3.0378,0.5583,30
ia,5,11,10.3533,21.18,18908000.0,11.4839,3.5275,0.5767,30
ia,5,12,9.1233,19.55,19464666.7,10.6421,3.458,0.7057,30
ia,5,13,8.7633,20.06,18261000.0,10.3562,3.3043,0.5067,30
ia,5,14,9.5967,21.1533,21263333.3,10.6124,3.5658,0.334,30
ia,5,15,10.1967,22.2367,20785666.7,11.5545,2.9222,0.2403,30
ia,5,16,11.0367,23.6867,23262333.3,12.0579,2.9552,0.1647,30
ia,5,17,11.8133,23.6967,21476666.7,12.6948,3.079,0.3643,30
ia,5,18,11.85,23.38,22515333.3,12.0944,3.4168,0.285,30
ia,5,19,11.5267,23.48,21527000.0,12.728,3.2653,0.3777,30
ia,5,20,12.0233,22.5433,19581333.3,12.5716,3.2131,0.3713,30
ia,5,21,11.13,22.12,20997333.3,12.187,3.0072,0.654,30
ia,5,22,11.4367,23.3133,22006333.3,12.0149,3.1831,0.2723,30
ia,5,23,13.34,23.23,20878666.7,13.315,3.3287,0.3723,30
ia,5,24,12.87,23.3633,19695333.3,13.5769,3.3347,0.7027,30
ia,5,25,12.8167,22.7,18522333.3,13.9348,3.1032,0.784,30
ia,5,26,12.4567,22.7833,19320666.7,13.8524,2.7857,0.9327,30
ia,5,27,12.63,23.6567,19137333.3,14.0083,2.9957,0.6933,30
ia,5,28,13.7433,23.73,20730333.3,14.4345,3.0359,0.281,30
ia,5,29,13.8633,24.7833,23134000.0,14.4153,2.9061,0.335,30
ia,5,30,14.9433,25.6667,22326000.0,15.5688,3.0632,0.3657,30
ia,5,31,14.2267,25.25,22362666.7,14.6452,2.9427,0.4073,30
ia,6,1,13.9767,25.0167,22541666.7,14.8084,2.4962,0.2483,30
ia,6,2,13.9167,24.9767,22644333.3,14.7041,2.8012,0.33,30
ia,6,3,13.9667,25.2667,23396333.3,14.8332,2.7258,0.2217,30
ia,6,4,15.2467,25.65,21126333.3,15.6021,2.6171,0.4657,30
ia,6,5,15.2067,25.9367,22045666.7,16.1786,2.8307,0.7117,30
ia,6,6,15.4967,26.74,23296000.0,16.5025,2.902,0.4583,30
ia,6,7,16.27,27.0133,23813333.3,17.038,2.8199,0.1577,30
ia,6,8,16.4167,26.6733,22030000.0,16.7067,3.033,0.81,30
ia,6,9,15.6333,26.7067,22661000.0,16.3596,2.7895,0.3,30
ia,6,10,16.53,26.4833,21104333.3,17.237,2.9257,0.502,30
ia,6,11,16.7267,26.7867,20233000.0,18.2961,2.8486,0.5867,30
ia,6,12,16.44,26.8567,22824666.7,17.8531,2.4176,0.271,30
ia,6,13,16.32,27.21,25195333.3,16.6849,2.6568,0.411,30
ia,6,14,16.68,27.1633,22551000.0,16.5883,3.1922,0.4207,30
ia,6,15,17.2567,27.7667,22105666.7,17.8429,2.92,0.4467,30
ia,6,16,16.8967,27.6,25500333.3,17.5752,2.6868,0.3357,30
ia,6,17,16.84,28.1167,25357333.3,18.1414,2.5718,0.2483,30
ia,6,18,18.37,27.89,22546666.7,19.4577,2.9157,0.5377,30
ia,6,19,17.2567,28.1067,23994000.0,17.9704,2.8115,0.5617,30
ia,6,20,18.09,28.0833,22442666.7,19.0628,2.6604,0.5107,30
ia,6,21,18.53,28.1333,23407333.3,19.434,2.8058,0.7483,30
ia,6,22,18.06,28.39,22479333.3,19.4812,2.6286,0.3977,30
ia,6,23,17.8933,27.9267,22637000.0,19.4644,2.6743,0.5507,30
ia,6,24,17.8733,27.8467,23151000.0,19.5848,2.7411,0.346,30
ia,6,25,18.3233,28.11,23133000.0,20.7098,2.7933,0.552,30
ia,6,26,18.2667,27.8467,24472333.3,20.0388,2.7196,0.551,30
ia,6,27,17.8133,28.2633,24952666.7,19.5699,2.501,0.1803,30
ia,6,28,18.16,27.4567,23362333.3,19.5112,2.7988,0.4227,30
ia,6,29,17.97,27.8,24041333.3,20.0627,2.7074,0.111,30
ia,6,30,17.9167,27.8033,24918333.3,19.765,2.507,0.3573,30
ia,7,1,17.65,27.5233,25308000.0,18.8238,2.6463,0.1907,30
ia,7,2,17.3967,27.6867,24367666.7,19.3145,2.6602,0.2783,30
ia,7,3,17.9867,28.0533,22932666.7,20.1954,2.433,0.3733,30
ia,7,4,18.7833,28.26,22236666.7,21.3262,2.4691,0.425,30
ia,7,5,18.5933,28.3833,23641000.0,21.1294,2.4074,0.4377,30
ia,7,6,18.6967,29.08,24796000.0,21.166,2.3022,0.2863,30
ia,7,7,18.63,28.5067,23679000.0,20.9794,2.2747,0.2303,30
ia,7,8,18.81,28.25,23757666.7,20.865,2.4421,0.3117,30
ia,7,9,18.0333,28.8033,23568666.7,20.6753,2.3192,0.513,30
ia,7,10,18.6867,28.32,23654666.7,20.978,2.5525,0.252,30
ia,7,11,18.6433,28.01,22523333.3,20.8214,2.7172,0.296,30
ia,7,12,18.3967,28.3933,23275333.3,20.6722,2.4643,0.366,30
ia,7,13,18.6833,28.9633,25097333.3,21.3247,2.3085,0.19,30
ia,7,14,19.0733,29.1733,24839000.0,21.4672,2.5891,0.2253,30
ia,7,15,18.7133,29.06,24657333.3,21.6466,2.3238,0.4217,30
ia,7,16,18.9,29.1833,24055000.0,21.8784,2.2716,0.2313,30
ia,7,17,19.2033,29.55,24807666.7,22.3544,2.3717,0.2547,30
ia,7,18,19.5333,29.5333,23919333.3,22.5655,2.404,0.2503,30
ia,7,19,19.59,29.3533,23106333.3,22.497,2.2852,0.316,30
ia,7,20,19.83,29.46,23138333.3,22.9877,2.5115,0.17,30
ia,7,21,19.3833,28.71,22723666.7,22.1166,2.4107,0.366,30
ia,7,22,18.9667,28.74,23087666.7,22.1085,2.1976,0.2487,30
ia,7,23,18.28,28.7333,23841333.3,21.2451,2.218,0.24,30
ia,7,24,18.6767,28.4967,23815333.3,21.0662,2.3413,0.182,30
ia,7,25,18.6267,28.82,22727333.3,21.1235,2.5484,0.209,30
ia,7,26,19.19,28.93,22275666.7,22.1417,2.2831,0.396,30
ia,7,27,18.7867,28.7667,22461666.7,22.0145,2.5355,0.2103,30
ia,7,28,18.61,28.4533,22888333.3,21.7301,2.3111,0.273,30
ia,7,29,17.73,28.0633,23503000.0,20.6902,2.081,0.235,30
ia,7,30,17.8833,28.0167,23615666.7,20.3966,2.2019,0.1777,30
ia,7,31,17.9867,28.6467,24605000.0,20.5729,2.2589,0.196,30
ia,8,1,18.2133,28.79,24000000.0,20.5152,2.3844,0.0693,30
ia,8,2,18.3233,28.5967,22278333.3,20.727,2.2709,0.1293,30
ia,8,3,18.4667,28.9467,22652666.7,21.0714,2.3013,0.22,30
ia,8,4,18.3967,28.3167,21593000.0,21.0226,2.2486,0.3627,30
ia,8,5,17.97,27.34,20787333.3,20.3167,2.3901,0.3637,30
ia,8,6,17.6633,27.6,19372333.3,20.6085,2.1677,0.291,30
ia,8,7,18.0567,28.0667,21008666.7,20.7716,2.3832,0.5277,30
ia,8,8,18.1233,28.1667,21585000.0,20.7268,2.3458,0.194,30
ia,8,9,18.1667,28.2433,22322666.7,21.0162,2.3053,0.444,30
ia,8,10,17.6933,27.9233,22048333.3,20.5351,2.1559,0.3037,30
ia,8,11,17.1133,27.2567,21259333.3,19.9755,2.1107,0.304,30
ia,8,12,17.47,27.06,19409000.0,20.3281,2.3125,0.543,30
ia,8,13,17.2233,26.91,20140000.0,19.8146,2.4797,0.2253,30
ia,8,14,16.26,26.5633,21448333.3,19.0362,2.2033,0.158,30
ia,8,15,16.4367,26.5667,20130333.3,19.0064,2.3243,0.3617,30
ia,8,16,16.6733,27.1467,21199666.7,19.4219,2.4129,0.274,30
ia,8,17,16.98,27.03,19660000.0,19.5872,2.3657,0.254,30
ia,8,18,16.35,26.8067,19421000.0,19.5074,2.2816,0.4307,30
ia,8,19,16.52,26.7967,19477666.7,19.5781,2.4528,0.2537,30
ia,8,20,16.8333,26.7333,19410000.0,19.6311,2.4897,0.4573,30
ia,8,21,17.2733,27.37,19892666.7,19.6475,2.5747,0.2567,30
ia,8,22,17.0633,27.4433,20289666.7,19.9979,2.4291,0.578,30
ia,8,23,17.09,27.85,20895000.0,20.1801,2.4433,0.3607,30
ia,8,24,18.05,28.0933,19473000.0,20.4904,2.7938,0.2427,30
ia,8,25,17.56,27.81,19947333.3,20.1742,2.4545,0.1673,30
ia,8,26,17.75,27.81,18634000.0,20.7963,2.2807,0.2643,30
ia,8,27,17.67,27.7867,18400333.3,20.6193,2.6137,0.329,30
ia,8,28,17.6333,28.0367,18594000.0,20.5006,2.5319,0.6863,30
ia,8,29,16.8233,27.74,20555666.7,19.6382,2.5185,0.1787,30
ia,8,30,16.0633,26.81,19778666.7,18.0423,2.4639,0.2703,30
ia,8,31,15.8567,26.9033,19482333.3,18.0733,2.4119,0.1393,30
ia,9,1,15.6,26.9767,20487333.3,18.0775,2.5699,0.4097,30
ia,9,2,16.07,27.5533,19289333.3,18.3118,2.573,0.1593,30
ia,9,3,15.92,26.9,19281333.3,17.9708,2.6863,0.2947,30
ia,9,4,15.3867,26.9233,19732333.3,17.2586,2.6281,0.081,30
ia,9,5,15.3167,26.9133,19018333.3,17.2308,2.8048,0.2017,30
ia,9,6,15.3767,26.99,18619666.7,17.535,2.9063,0.0957,30
ia,9,7,14.8667,26.2167,17694000.0,16.563,2.5139,0.4587,30
ia,9,8,13.2667,24.7167,18168000.0,15.2797,2.5714,0.361,30
ia,9,9,13.2933,24.73,18052000.0,15.3588,2.6688,0.223,30
ia,9,10,13.8233,24.9833,16515000.0,15.1696,3.0428,0.498,30
ia,9,11,13.64,25.3833,18198000.0,15.2257,2.9353,0.2117,30
ia,9,12,13.08,24.77,17220333.3,14.8256,2.648,0.3597,30
ia,9,13,12.46,24.6,16694666.7,14.4362,2.6384,0.1947,30
ia,9,14,12.1567,24.3767,16988666.7,13.9517,2.7268,0.1873,30
ia,9,15,12.6,24.0267,17474666.7,14.1844,2.7545,0.1183,30
ia,9,16,13.08,24.6833,17059000.0,14.8139,2.7555,0.1547,30
ia,9,17,13.2267,24.36,15965333.3,14.9333,2.8192,0.293,30
ia,9,18,13.2567,24.89,14935333.3,15.1381,2.8896,0.2253,30
ia,9,19,14.1067,24.5533,14531666.7,15.8811,3.2198,0.6687,30
ia,9,20,12.9167,24.5933,16817000.0,14.7672,3.1884,0.2143,30
ia,9,21,12.32,23.43,14160000.0,13.6378,3.2823,0.2443,30
ia,9,22,10.8833,21.83,14516333.3,13.3034,2.9629,0.5137,30
ia,9,23,11.1167,22.1267,14493333.3,13.2239,2.8889,0.269,30
ia,9,24,11.6033,22.1667,15236000.0,13.3276,2.9267,0.1913,30
ia,9,25,10.9433,23.3067,15007666.7,13.0764,2.5094,0.3523,30
ia,9,26,10.7867,22.94,16035000.0,12.5182,2.8326,0.2963,30
ia,9,27,10.6833,22.9867,15178000.0,12.3381,2.7921,0.0997,30
ia,9,28,9.6967,22.05,15047666.7,11.6705,3.0433,0.106,30
ia,9,29,9.6467,22.1667,15755666.7,11.3885,3.0153,0.3497,30
ia,9,30,10.8767,23.0133,15681000.0,11.8161,3.6247,0.059,30
ia,10,1,10.27,21.78,13394333.3,11.7753,3.1135,0.4653,30
ia,10,2,9.2633,21.0067,12726333.3,11.4985,2.9631,0.4333,30
ia,10,3,9.8133,21.0533,13554000.0,11.7262,3.2131,0.091,30
ia,10,4,8.1367,20.4333,14175333.3,10.3902,3.2574,0.1733,30
ia,10,5,8.8267,20.5133,12470000.0,10.7504,3.152,0.2927,30
ia,10,6,8.9067,19.3167,12623333.3,10.6675,3.3498,0.1783,30
ia,10,7,7.9167,19.35,13071333.3,10.1138,3.363,0.3807,30
ia,10,8,7.9567,21.0633,14290000.0,10.2353,2.9174,0.229,30
ia,10,9,8.0033,19.9267,13372333.3,9.9468,3.0699,0.2233,30
ia,10,10,7.1367,19.5033,13127333.3,9.6353,2.9743,0.133,30
ia,10,11,7.75,19.6167,12974333.3,9.9612,3.2567,0.105,30
ia,10,12,8.12,18.7267,11317000.0,10.0411,3.5088,0.2713,30
ia,10,13,7.0,17.1,11002000.0,9.3539,3.4757,0.5073,30
ia,10,14,5.41,16.1233,11087333.3,8.3241,3.5842,0.528,30
ia,10,15,5.45,15.9833,11712000.0,8.0093,3.2696,0.1997,30
ia,10,16,4.8833,15.8267,11806333.3,8.0819,2.9952,0.046,30
ia,10,17,5.4033,16.59,11434666.7,8.1551,3.1017,0.134,30
ia,10,18,5.0533,17.1267,11803000.0,7.571,3.4496,0.2577,30
ia,10,19,5.7533,16.76,11207000.0,8.0411,3.2696,0.0667,30
ia,10,20,5.5033,17.2533,10863666.7,8.0379,3.0265,0.0243,30
ia,10,21,5.6,16.6633,10763000.0,8.1349,3.1544,0.1737,30
ia,10,22,4.6933,15.0567,9238333.3,7.9122,3.2205,0.441,30
ia,10,23,5.8467,15.0033,8912000.0,8.8404,3.4405,0.541,30
ia,10,24,4.42,14.45,9541666.7,8.7562,3.1886,0.198,30
ia,10,25,4.3867,14.8,10420666.7,7.9678,3.106,0.1957,30
ia,10,26,4.1767,13.16,9712000.0,7.764,3.3148,0.2813,30
ia,10,27,3.0867,12.9033,9984666.7,7.2559,3.0905,0.1433,30
ia,10,28,2.8867,12.7433,10044666.7,7.1864,3.4401,0.1893,30
ia,10,29,4.1133,14.5033,8832666.7,8.106,3.3488,0.1567,30
ia,10,30,5.0933,14.76,8963000.0,8.2089,3.521,0.1933,30
ia,10,31,2.0667,12.24,9777000.0,6.8879,3.374,0.1027,30
ia,11,1,1.7667,12.9133,9885000.0,6.6888,3.0347,0.141,30
ia,11,2,1.69,12.33,9540666.7,6.3255,3.3797,0.1563,30
ia,11,3,1.6333,12.4133,8914000.0,6.5974,3.074,0.254,30
ia,11,4,2.82,12.42,8604000.0,7.1957,3.0857,0.297,30
ia,11,5,2.58,12.2467,8026000.0,7.1162,3.118,0.2113,30
ia,11,6,2.9233,12.7,9275666.7,7.2918,3.4741,0.2907,30
ia,11,7,1.33,11.8133,9524000.0,6.3972,2.9497,0.0263,30
ia,11,8,1.6333,12.0033,9216000.0,6.4486,3.2344,0.065,30
ia,11,9,1.91,12.0333,8724000.0,6.6855,3.4827,0.1093,30
ia,11,10,0.5233,10.9233,7560333.3,6.34,3.7216,0.3243,30
ia,11,11,-1.42,8.52,8676000.0,5.4313,3.4923,0.2897,30
ia,11,12,-1.9767,6.9433,8617000.0,5.1592,3.3014,0.127,30
ia,11,13,-1.8167,7.89,7854666.7,5.1705,3.2476,0.2103,30
ia,11,14,0.2233,8.5567,7273666.7,5.8115,3.187,0.0447,30
ia,11,15,-0.7867,8.86,7924333.3,5.7193,3.0105,0.106,30
ia,11,16,-0.5567,8.6567,7942000.0,6.0137,3.3848,0.103,30
ia,11,17,-0.6333,8.3933,7597666.7,6.0063,3.3117,0.2337,30
ia,11,18,-0.9633,8.1233,7159666.7,5.9633,3.3814,0.173,30
ia,11,19,-0.8967,8.7733,7925666.7,5.5231,3.646,0.1263,30
ia,11,20,-1.8567,7.3233,7274333.3,4.9665,3.2681,0.0393,30
ia,11,21,-2.8033,7.0433,7800333.3,4.8873,3.3026,0.1177,30
ia,11,22,-2.4333,6.02,6917333.3,4.9823,2.9746,0.0533,30
ia,11,23,-2.1733,6.7033,7319666.7,5.3955,3.1252,0.184,30
ia,11,24,-2.6833,6.61,7215000.0,5.0985,3.4571,0.1673,30
ia,11,25,-2.7267,6.0,7251000.0,4.8324,3.1611,0.026,30
ia,11,26,-3.4167,5.88,6859666.7,4.8588,3.0002,0.1713,30
ia,11,27,-4.1433,5.1467,6645333.3,4.8885,3.1264,0.1687,30
ia,11,28,-4.09,5.57,6892333.3,5.0318,2.9988,0.203,30
ia,11,29,-3.0,5.93,5975000.0,4.7799,3.2928,0.1077,30
ia,11,30,-4.2067,4.81,7067666.7,4.3576,3.2899,0.139,30
ia,12,1,-4.1533,4.25,6433000.0,4.2419,3.4973,0.1863,30
ia,12,2,-3.6733,5.0333,6574666.7,4.6437,2.8685,0.07,30
ia,12,3,-4.5567,4.1467,6640000.0,4.8886,2.8446,0.1973,30
ia,12,4,-3.8933,3.83,5835333.3,4.9661,2.9262,0.0773,30
ia,12,5,-5.9533,2.72,6899666.7,4.2942,3.4712,0.075,30
ia,12,6,-6.2833,1.9,6388333.3,3.7724,3.1312,0.0517,30
ia,12,7,-7.3867,1.4533,6976666.7,3.658,2.7002,0.0193,30
ia,12,8,-6.2867,1.7367,6164666.7,3.9004,2.766,0.1243,30
ia,12,9,-7.1867,1.7567,6586666.7,3.8448,3.3524,0.174,30
ia,12,10,-7.92,0.9367,6719333.3,3.7581,3.2923,0.075,30
ia,12,11,-6.6767,0.4567,6182000.0,3.9611,3.112,0.1743,30
ia,12,12,-7.3367,0.7133,6415666.7,3.9683,3.0438,0.0913,30
ia,12,13,-6.4733,2.24,6021000.0,4.1911,2.8965,0.1743,30
ia,12,14,-5.92,2.73,6171666.7,4.6341,3.0529,0.339,30
ia,12,15,-5.38,1.69,6050666.7,4.6149,3.2294,0.0977,30
ia,12,16,-6.8533,1.7333,5574333.3,4.0024,3.2899,0.099,30
ia,12,17,-8.61,-0.7433,6817333.3,3.4205,2.8125,0.0227,30
ia,12,18,-8.3267,-0.3733,6960333.3,3.6609,3.0823,0.0543,30
ia,12,19,-8.63,-0.19,6573666.7,3.4636,3.2684,0.086,30
ia,12,20,-7.6433,0.2667,5761666.7,3.475,3.2964,0.1323,30
ia,12,21,-8.2233,-0.79,6216000.0,3.6454,3.3038,0.0633,30
ia,12,22,-8.8533,-1.0567,6089333.3,3.8264,3.2231,0.1227,30
ia,12,23,-8.2567,-1.2467,6095666.7,3.8017,3.4786,0.2207,30
ia,12,24,-8.9833,-1.9167,6032000.0,3.7248,3.289,0.17,30
ia,12,25,-8.7,-0.99,5931000.0,3.8005,3.1427,0.2467,30
ia,12,26,-7.83,-0.37,6523333.3,3.7466,3.1343,0.1077,30
ia,12,27,-7.8667,0.6967,5757000.0,3.9879,3.2011,0.1797,30
ia,12,28,-6.5667,1.37,5773666.7,4.0457,3.2071,0.1687,30
ia,12,29,-7.26,0.26,6230000.0,3.8568,3.2923,0.1593,30
ia,12,30,-8.0567,-0.32,5825666.7,3.9652,3.2023,0.117,30
ia,12,31,-9.2067,-1.2167,6421333.3,3.4643,3.1578,0.1383,30
il,1,1,-5.8733,2.9467,6352666.7,4.3077,3.2219,0.1037,30
il,1,2,-4.4667,2.5767,6360000.0,5.2013,3.2411,0.2727,30
il,1,3,-5.0333,2.63,6207000.0,5.0642,2.8812,0.294,30
il,1,4,-5.3433,2.36,6501666.7,4.6591,3.3168,0.1977,30
il,1,5,-6.57,1.6133,6780666.7,4.2572,3.1642,0.2443,30
il,1,6,-6.4333,0.5267,6882666.7,4.2775,3.0151,0.0963,30
il,1,7,-6.2367,1.31,7497666.7,4.1726,3.0148,0.0823,30
il,1,8,-5.8333,1.7967,6885333.3,4.2039,3.0462,0.347,30
il,1,9,-5.6067,2.9867,7527666.7,4.237,3.1683,0.1797,30
il,1,10,-5.4467,2.8167,6938333.3,4.3908,3.1805,0.1397,30
il,1,11,-4.02,4.1133,5875333.3,4.9286,3.2543,0.2477,30
il,1,12,-3.94,4.2633,7078666.7,5.1923,3.1875,0.3213,30
il,1,13,-5.88,1.8333,7310666.7,4.183,3.2885,0.352,30
il,1,14,-7.06,0.2267,6897000.0,3.8033,2.7775,0.1663,30
il,1,15,-6.85,0.5133,7703333.3,3.8322,2.919,0.141,30
il,1,16,-6.7333,1.4567,7726666.7,3.9719,2.9882,0.081,30
il,1,17,-6.1367,1.6033,6901666.7,4.2897,3.2243,0.2147,30
il,1,18,-6.74,1.59,8261333.3,4.0123,3.1465,0.1953,30
il,1,19,-7.6067,1.13,8028666.7,3.6869,3.3594,0.2307,30
il,1,20,-7.7267,-0.2233,8132666.7,3.54,2.7323,0.1037,30
il,1,21,-7.11,1.0833,8789666.7,3.8442,2.811,0.1443,30
il,1,22,-5.1067,2.5167,7023666.7,4.4579,3.1578,0.1523,30
il,1,23,-5.0933,1.8667,7163000.0,4.3596,2.919,0.316,30
il,1,24,-6.3367,1.7467,8433666.7,3.9028,2.8376,0.1707,30
il,1,25,-6.38,1.58,8108666.7,3.6618,3.0802,0.118,30
il,1,26,-6.26,2.1567,7519333.3,3.8205,2.9839,0.152,30
il,1,27,-5.5733,2.5233,8245666.7,3.9305,3.1846,0.1063,30
il,1,28,-6.7033,2.29,8557666.7,4.0061,3.125,0.1387,30
il,1,29,-5.3867,2.2367,7896333.3,4.4768,3.1415,0.249,30
il,1,30,-7.1333,1.0133,8805333.3,3.7833,3.005,0.264,30
il,1,31,-6.0333,1.97,8353333.3,4.0847,3.091,0.2873,30
il,2,1,-3.7967,2.91,8671666.7,4.5974,2.8237,0.2373,30
il,2,2,-6.0467,2.8767,10183666.7,4.1436,3.0325,0.264,30
il,2,3,-6.7333,2.7933,10261333.3,4.1023,3.0459,0.0493,30
il,2,4,-6.6267,2.4733,8836333.3,3.9983,3.5227,0.1807,30
il,2,5,-7.1867,1.46,10627000.0,3.5704,3.0742,0.1753,30
il,2,6,-5.7233,2.8833,9703000.0,4.1459,2.4876,0.168,30
il,2,7,-4.5767,3.2733,9845333.3,4.8149,2.7991,0.249,30
il,2,8,-5.45,3.42,10422000.0,4.4308,2.8146,0.07,30
il,2,9,-5.0033,3.7233,10765666.7,4.5759,2.9684,0.2263,30
il,2,10,-5.1567,3.0067,10153333.3,4.3927,3.2808,0.1157,30
il,2,11,-6.19,2.6833,10824666.7,4.3736,3.0385,0.3027,30
il,2,12,-6.42,2.03,11654333.3,3.5567,3.1015,0.0807,30
il,2,13,-7.4333,2.2267,11509333.3,3.5178,2.7395,0.1683,30
il,2,14,-4.83,4.08,10937333.3,4.2566,3.0134,0.139,30
il,2,15,-4.5733,3.9867,10770333.3,4.4976,3.3309,0.1173,30
il,2,16,-4.7567,3.9567,11256666.7,4.2454,3.0361,0.184,30
il,2,17,-4.9267,3.8167,10981666.7,4.3282,3.1829,0.3213,30
il,2,18,-4.7833,5.1067,12962333.3,4.2343,3.3129,0.136,30
il,2,19,-4.1333,5.9433,13230666.7,4.5474,3.1285,0.163,30
il,2,20,-2.55,7.88,11106333.3,5.6277,3.0541,0.3657,30
il,2,21,-1.9167,7.3833,10572000.0,5.4697,3.0735,0.4343,30
il,2,22,-1.38,7.6,11715000.0,5.5696,2.9253,0.3143,30
il,2,23,-1.78,6.9,12432000.0,5.2523,2.8192,0.074,30
il,2,24,-2.0367,7.05,11234000.0,5.0996,3.4336,0.2793,30
il,2,25,-2.21,7.46,13391666.7,4.944,3.3182,0.2243,30
il,2,26,-2.3233,7.23,12456000.0,5.2023,3.0883,0.2593,30
il,2,27,-1.5633,8.08,12214333.3,5.6577,3.1238,0.3263,30
il,2,28,-2.5133,7.8867,12796000.0,4.9276,3.1254,0.1523,30
il,3,1,-1.0667,8.4933,12685333.3,5.4212,3.1183,0.282,30
il,3,2,-2.4367,7.0233,13976333.3,4.8429,2.9272,0.2013,30
il,3,3,-4.3167,5.9667,13686000.0,4.3582,3.0443,0.173,30
il,3,4,-3.5067,7.6167,15049333.3,4.6956,2.7653,0.1177,30
il,3,5,-1.02,8.7067,11925333.3,5.5326,3.208,0.4507,30
il,3,6,-1.1867,9.2667,15392000.0,5.442,3.3017,0.0913,30
il,3,7,-0.0933,10.0333,14174666.7,5.6311,3.3725,0.211,30
il,3,8,0.7267,9.6033,13027333.3,6.0568,3.4662,0.3863,30
il,3,9,0.4967,9.7133,12536333.3,6.0249,3.3773,0.4313,30
il,3,10,-0.1533,9.66,14552333.3,5.7767,3.2279,0.3007,30
il,3,11,-0.4833,10.85,15952000.0,5.57,2.97,0.149,30
il,3,12,-0.1767,10.6267,15177666.7,5.923,2.9717,0.2113,30
il,3,13,1.0033,12.0567,14659666.7,6.4431,3.1209,0.285,30
il,3,14,2.1933,12.6633,15514000.0,7.095,3.1319,0.17,30
il,3,15,0.8767,12.6033,15573666.7,6.5435,2.7876,0.1913,30
il,3,16,1.64,13.0067,15267000.0,6.5588,3.0215,0.1557,30
il,3,17,2.6167,12.8733,15315666.7,6.8132,3.056,0.2333,30
il,3,18,1.9367,12.3433,13666000.0,6.8924,2.8654,0.3277,30
il,3,19,1.63,12.5233,14432666.7,6.4236,3.0938,0.2797,30
il,3,20,2.4267,13.19,15506666.7,6.5263,3.2444,0.2057,30
il,3,21,2.04,13.2067,17283333.3,6.2919,3.1851,0.0957,30
il,3,22,1.57,13.06,15819000.0,6.2456,2.9688,0.152,30
il,3,23,2.81,12.3333,15122000.0,6.8316,2.7174,0.354,30
il,3,24,3.0633,13.18,13655000.0,7.3376,3.3304,0.3877,30
il,3,25,3.2367,12.39,14027000.0,7.4461,3.6402,0.4827,30
il,3,26,1.5867,12.0267,16683000.0,6.6972,3.0692,0.2733,30
il,3,27,2.7,13.55,16879666.7,7.0831,3.0732,0.2603,30
il,3,28,3.6667,13.4633,14533000.0,7.5973,3.1889,0.366,30
il,3,29,3.2267,13.8067,15572333.3,7.2071,2.9078,0.262,30
il,3,30,4.9967,15.86,16111000.0,7.8955,3.1455,0.429,30
il,3,31,5.57,15.8567,14994333.3,8.321,3.5648,0.3677,30
il,4,1,3.5267,15.4233,18248000.0,6.908,3.3175,0.1747,30
il,4,2,4.34,16.3067,18306666.7,7.6369,3.061,0.3003,30
il,4,3,6.27,17.45,15874000.0,8.5059,3.3136,0.4273,30
il,4,4,4.2233,16.4533,17184666.7,7.6076,3.6517,0.1873,30
il,4,5,3.08,15.5867,17962666.7,7.1782,3.1056,0.3423,30
il,4,6,5.6533,16.29,17260666.7,7.8446,3.5588,0.221,30
il,4,7,6.24,16.5633,17268666.7,8.6243,3.4305,0.204,30
il,4,8,5.3733,16.2433,17825333.3,8.5179,3.0524,0.37,30
il,4,9,4.6167,16.8467,19693000.0,7.9781,2.9672,0.334,30
il,4,10,5.6867,18.0267,17513666.7,8.1064,3.4077,0.4603,30
il,4,11,6.84,19.03,17767666.7,8.6937,3.2837,0.5117,30
il,4,12,6.67,17.4867,18689333.3,8.2445,3.8395,0.1587,30
il,4,13,5.7867,18.0467,19996333.3,7.961,3.1489,0.195,30
il,4,14,6.6267,19.1467,19487333.3,8.6069,2.9894,0.2537,30
il,4,15,7.7733,19.6033,19498333.3,9.146,3.3713,0.3277,30
il,4,16,7.86,19.1267,18116666.7,9.2809,3.6208,0.4253,30
il,4,17,7.2067,18.8633,19727000.0,9.0903,2.9842,0.1993,30
il,4,18,7.46,19.8367,20007666.7,9.5422,2.8884,0.2797,30
il,4,19,8.6567,19.7967,18024666.7,9.6898,3.2104,0.577,30
il,4,20,7.7967,18.97,16537333.3,9.5746,3.2952,0.435,30
il,4,21,7.01,17.9233,19771333.3,9.0576,3.0007,0.317,30
il,4,22,7.6233,19.0433,20428000.0,8.9579,3.05,0.306,30
il,4,23,7.45,18.5133,18249333.3,8.877,3.1774,0.292,30
il,4,24,8.2333,18.9767,18408000.0,9.3021,2.9324,0.335,30
il,4,25,8.5833,19.1133,17907000.0,9.8279,3.3407,0.732,30
il,4,26,7.9867,19.3367,21990666.7,9.0755,3.2981,0.3143,30
il,4,27,7.89,18.8367,18475000.0,8.8071,3.2662,0.4343,30
il,4,28,8.4567,19.0633,17781666.7,9.8326,3.1523,0.4167,30
il,4,29,8.8467,19.3633,18044000.0,10.276,2.9619,0.6193,30
il,4,30,10.33,20.6133,18079333.3,11.1321,3.5998,0.747,30
il,5,1,10.6467,20.8367,17640333.3,11.4023,3.3421,0.472,30
il,5,2,10.44,20.4133,19062000.0,11.2649,2.8551,0.4077,30
il,5,3,9.9067,20.1067,18819333.3,11.0083,2.643,0.4193,30
il,5,4,10.12,20.68,19880000.0,11.1618,2.6932,0.356,30
il,5,5,10.38,22.2833,21082000.0,11.5164,2.7363,0.2803,30
il,5,6,11.7633,23.06,21724000.0,12.0551,2.8644,0.1303,30
il,5,7,13.3533,23.67,19168333.3,13.4607,2.8209,0.5273,30
il,5,8,12.2133,23.4767,20090666.7,13.079,3.0421,0.3017,30
il,5,9,12.86,23.8567,19172333.3,13.9238,3.2727,0.7083,30
il,5,10,12.1867,23.2667,21145000.0,13.3591,2.6947,0.2337,30
il,5,11,12.6067,23.04,18958333.3,13.2401,3.1195,0.4197,30
il,5,12,11.8567,22.1233,21203000.0,12.8714,3.1106,0.2587,30
il,5,13,10.9067,21.96,20475000.0,12.2537,2.7416,0.5253,30
il,5,14,11.6267,22.4667,20657333.3,12.3541,2.8439,0.5043,30
il,5,15,12.1067,22.45,19014000.0,12.8406,2.7356,0.3833,30
il,5,16,12.46,23.2467,21956333.3,13.387,2.7201,0.3383,30
il,5,17,13.1033,23.9,20017333.3,14.101,2.8472,0.5823,30
il,5,18,13.51,23.8967,21524000.0,13.8475,3.0467,0.331,30
il,5,19,13.17,24.9733,21160000.0,14.001,2.7521,0.3653,30
il,5,20,14.0967,24.0433,20185333.3,14.4333,2.9044,0.1623,30
il,5,21,12.8433,23.62,22317666.7,13.6047,2.7184,0.4307,30
il,5,22,12.8033,24.8633,24626333.3,13.1386,2.6382,0.196,30
il,5,23,14.1933,25.2067,21872666.7,13.9932,2.6669,0.4423,30
il,5,24,14.44,25.4867,22270000.0,14.8614,2.7062,0.3883,30
il,5,25,15.1733,24.8567,20196000.0,15.3551,2.8994,0.454,30
il,5,26,14.9633,24.85,19034666.7,15.9404,2.7191,0.563,30
il,5,27,15.1067,25.27,19730666.7,16.4125,2.7579,0.6377,30
il,5,28,15.5733,25.5433,21488000.0,16.4442,2.7711,0.4007,30
il,5,29,15.28,26.1067,23708333.3,15.6642,2.6284,0.3777,30
il,5,30,15.8067,26.8267,23301666.7,16.2801,2.5587,0.327,30
il,5,31,16.4233,26.11,21889666.7,16.3035,2.8999,0.369,30
il,6,1,15.7933,26.1833,21869000.0,16.3213,2.517,0.3807,30
il,6,2,16.0767,26.02,21370000.0,16.5129,2.5316,0.314,30
il,6,3,15.2333,25.7867,22268666.7,15.7083,2.218,0.3217,30
il,6,4,16.0433,26.0667,21954000.0,16.316,2.467,0.3517,30
il,6,5,15.9067,26.7867,23241333.3,16.8575,2.3599,0.3007,30
il,6,6,16.28,26.9933,23714000.0,16.4822,2.5908,0.346,30
il,6,7,16.9833,27.61,24696666.7,17.2197,2.6149,0.1443,30
il,6,8,16.88,27.4,23077333.3,17.1941,2.5513,0.3193,30
il,6,9,17.01,27.9733,22017000.0,17.3571,2.4909,0.422,30
il,6,10,17.9233,27.8767,21432000.0,18.4688,2.721,0.5527,30
il,6,11,18.23,27.75,19958000.0,19.6047,2.4998,0.8837,30
il,6,12,18.2733,27.88,22531333.3,19.6992,2.3654,0.5233,30
il,6,13,17.7333,28.1467,23895666.7,18.7671,2.4392,0.488,30
il,6,14,17.6833,27.52,24830000.0,18.17,2.5963,0.4273,30
il,6,15,17.88,28.5933,23137333.3,18.1609,2.6061,0.438,30
il,6,16,18.53,28.4567,24264333.3,19.1736,2.5175,0.2493,30
il,6,17,18.12,28.68,24642000.0,19.1593,2.279,0.1123,30
il,6,18,19.0767,28.8233,24108666.7,19.8932,2.5249,0.3467,30
il,6,19,18.4167,28.88,24536333.3,19.3866,2.4595,0.3543,30
il,6,20,18.6967,29.31,24627666.7,19.7187,2.25,0.3057,30
il,6,21,19.5533,29.2633,22656333.3,21.1252,2.3772,0.5913,30
il,6,22,19.5733,28.6567,23196666.7,21.151,2.222,0.391,30
il,6,23,19.5267,28.5133,23184333.3,20.5107,2.3279,0.623,30
il,6,24,19.0367,28.7067,23795000.0,20.364,2.1468,0.224,30
il,6,25,19.5367,29.0333,24652000.0,20.944,2.3956,0.429,30
il,6,26,19.77,28.6133,22870666.7,21.2499,2.4342,0.645,30
il,6,27,18.81,28.6667,24477333.3,20.566,2.3314,0.439,30
il,6,28,19.1467,28.3733,23602666.7,20.4915,2.308,0.3137,30
il,6,29,18.79,28.53,23400000.0,20.9173,2.2905,0.4433,30
il,6,30,19.2067,28.3533,22945000.0,21.021,2.2338,0.2193,30
il,7,1,19.1133,28.2967,24076666.7,20.4105,2.2567,0.2503,30
il,7,2,18.3867,28.2133,24328000.0,19.6321,2.2541,0.21,30
il,7,3,18.7433,28.8933,22852333.3,20.2361,2.2136,0.4683,30
il,7,4,19.8267,29.1167,21840000.0,21.861,2.0769,0.54,30
il,7,5,19.5967,29.3733,24759333.3,21.9044,2.0468,0.328,30
il,7,6,19.7433,29.7,24780000.0,21.7578,2.002,0.2313,30
il,7,7,19.7667,29.6933,23972333.3,21.8159,2.0561,0.1657,30
il,7,8,19.6167,28.9967,23107666.7,21.7881,2.0834,0.5287,30
il,7,9,19.4633,28.92,23372666.7,21.4592,2.0829,0.3833,30
il,7,10,19.4367,28.96,24381333.3,21.3704,2.2017,0.4287,30
il,7,11,19.15,28.6833,23095000.0,20.7545,2.2886,0.5827,30
il,7,12,19.4167,28.9033,22567000.0,21.2122,2.0515,0.3777,30
il,7,13,19.6167,29.4467,24071666.7,22.1001,1.8533,0.177,30
il,7,14,19.6467,29.7133,25008666.7,21.945,2.1713,0.185,30
il,7,15,19.72,29.3767,24134000.0,22.0628,2.0906,0.453,30
il,7,16,19.5467,29.46,23716000.0,22.1813,1.8166,0.412,30
il,7,17,20.3333,29.7867,23806333.3,22.9092,2.0638,0.17,30
il,7,18,20.4867,29.8267,22950333.3,23.4365,2.0951,0.19,30
il,7,19,20.3433,29.6967,22253000.0,23.201,2.0822,0.1683,30
il,7,20,20.3967,29.68,22517000.0,23.5957,2.0781,0.4597,30
il,7,21,20.8167,29.5733,21473000.0,24.2059,2.0594,0.5567,30
il,7,22,19.92,29.18,22640666.7,22.9718,1.9833,0.5277,30
il,7,23,19.6767,28.9533,24680000.0,22.5682,2.0987,0.143,30
il,7,24,18.9967,28.8533,24301666.7,21.562,1.9771,0.0843,30
il,7,25,19.0933,29.0167,23370000.0,21.5361,1.9175,0.181,30
il,7,26,20.1867,29.26,22270000.0,22.34,2.1701,0.1587,30
il,7,27,19.56,29.0467,22606666.7,22.9118,2.1045,0.271,30
il,7,28,19.8067,28.9333,22257333.3,22.8508,2.1523,0.2983,30
il,7,29,19.55,28.82,22482000.0,22.0682,1.9613,0.2063,30
il,7,30,18.9533,28.5267,21745000.0,21.3567,1.7865,0.3453,30
il,7,31,18.69,28.7733,22896333.3,21.3818,1.8827,0.115,30
il,8,1,19.0033,29.2733,23520000.0,21.5679,1.8995,0.138,30
il,8,2,18.91,29.2767,22328000.0,21.6562,1.9603,0.1437,30
il,8,3,19.6633,29.8467,22585000.0,22.5762,1.8791,0.2273,30
il,8,4,19.35,29.3367,21829666.7,22.2708,1.9189,0.477,30
il,8,5,19.1967,28.3967,21957666.7,21.8684,2.0978,0.4137,30
il,8,6,18.8767,28.3933,22447333.3,21.2569,2.0116,0.1913,30
il,8,7,18.8033,28.3733,20801000.0,21.4063,1.9819,0.229,30
il,8,8,19.02,28.64,21096666.7,21.8184,2.1784,0.2563,30
il,8,9,18.9933,28.7133,21196000.0,21.7215,2.0547,0.2397,30
il,8,10,18.96,29.01,22454666.7,21.4565,2.0302,0.203,30
il,8,11,18.3567,28.4033,22280333.3,20.8469,1.9213,0.256,30
il,8,12,18.0867,28.4,21557000.0,20.2391,2.0379,0.0823,30
il,8,13,17.9567,27.98,20596333.3,20.4501,1.9146,0.281,30
il,8,14,17.5767,27.51,20710333.3,19.5791,1.9467,0.2877,30
il,8,15,17.8167,28.19,20332666.7,20.2233,1.9996,0.242,30
il,8,16,18.3333,28.4133,20574666.7,20.5896,2.103,0.274,30
il,8,17,18.6567,28.39,19381333.3,20.7643,2.1634,0.4157,30
il,8,18,18.43,27.9833,19506000.0,20.9093,1.899,0.233,30
il,8,19,18.3367,27.94,19143666.7,20.7985,2.059,0.4213,30
il,8,20,18.4733,27.7767,18986666.7,20.6901,2.2357,0.317,30
il,8,21,17.84,28.1567,20293666.7,20.6999,2.1212,0.2363,30
il,8,22,17.94,28.5033,21809000.0,20.5565,2.0309,0.3187,30
il,8,23,17.67,28.5633,20755333.3,20.344,2.081,0.1987,30
il,8,24,18.28,29.03,20273333.3,20.7747,2.4117,0.2123,30
il,8,25,18.65,28.8033,19977333.3,20.8494,2.3501,0.283,30
il,8,26,19.0267,28.72,18588333.3,21.6637,2.0563,0.308,30
il,8,27,19.1767,29.3933,20122333.3,22.0499,1.9301,0.1523,30
il,8,28,18.8433,29.34,19307666.7,21.5506,2.0956,0.3623,30
il,8,29,18.9,28.9467,19097000.0,21.4466,2.0865,0.262,30
il,8,30,17.7267,27.8967,19077666.7,19.8066,2.1825,0.1177,30
il,8,31,17.5433,28.09,18805000.0,19.1626,2.1552,0.1563,30
il,9,1,17.52,27.85,18380333.3,19.2968,2.314,0.558,30
il,9,2,16.8667,28.1467,19765000.0,18.6736,2.1121,0.1647,30
il,9,3,17.0933,28.6167,19764000.0,18.5915,2.0944,0.0527,30
il,9,4,16.67,28.3433,19223000.0,17.9959,2.1897,0.3293,30
il,9,5,16.2567,28.0833,19991000.0,17.582,2.3401,0.0987,30
il,9,6,17.06,27.8833,18668666.7,17.9635,2.5917,0.1393,30
il,9,7,16.6667,27.5467,18113000.0,18.0962,2.3492,0.2557,30
il,9,8,15.6567,25.9533,16615333.3,17.5418,2.2903,0.5427,30
il,9,9,14.8167,25.7467,16921666.7,17.1185,2.1224,0.2347,30
il,9,10,14.7267,26.8167,18564333.3,16.6162,2.1693,0.2303,30
il,9,11,14.9033,26.96,17891333.3,16.3431,2.2867,0.2027,30
il,9,12,14.78,26.0867,16738000.0,15.9169,2.4083,0.22,30
il,9,13,14.48,26.1267,17573666.7,15.4846,2.4912,0.1123,30
il,9,14,14.0333,25.7833,17031333.3,15.3802,2.2634,0.4983,30
il,9,15,13.45,25.0067,16989333.3,14.5601,2.3319,0.1123,30
il,9,16,14.2467,25.3033,17450333.3,15.3496,2.2596,0.1357,30
il,9,17,14.1367,26.2433,17159000.0,15.1908,2.2927,0.1237,30
il,9,18,14.0633,26.56,17514000.0,15.4723,2.2218,0.132,30
il,9,19,15.1967,26.83,16216000.0,16.469,2.6779,0.528,30
il,9,20,15.1767,26.5967,15175666.7,16.6802,2.4315,0.3693,30
il,9,21,14.29,25.3,15712666.7,15.3455,2.5053,0.252,30
il,9,22,13.17,24.4867,16461333.3,14.2067,2.5505,0.2783,30
il,9,23,12.1233,24.4033,15692666.7,13.786,2.2565,0.1747,30
il,9,24,12.9567,24.33,15110333.3,13.6919,2.539,0.1693,30
il,9,25,12.85,24.8167,15029333.3,14.1822,2.358,0.1433,30
il,9,26,12.34,24.4067,16146333.3,13.4598,2.5805,0.2713,30
il,9,27,12.2067,24.1767,15370000.0,13.1803,2.6475,0.3467,30
il,9,28,11.65,22.8567,14428666.7,12.9502,2.5321,0.179,30
il,9,29,10.77,22.9467,15413000.0,12.4347,2.6217,0.221,30
il,9,30,11.3867,23.7667,16084333.3,12.4458,2.7986,0.0363,30
il,10,1,11.0367,23.2467,15751666.7,12.4427,2.8034,0.0653,30
il,10,2,11.7867,22.9567,14011333.3,12.9268,2.7596,0.2513,30
il,10,3,11.81,22.4267,12400333.3,13.3611,2.8015,0.3127,30
il,10,4,11.1967,21.9933,13411333.3,13.1131,2.8407,0.2617,30
il,10,5,10.3133,22.3033,12590000.0,12.7154,2.596,0.3733,30
il,10,6,10.78,22.22,13728666.7,12.4962,2.7675,0.1953,30
il,10,7,9.7533,21.5167,13933333.3,11.2799,2.75,0.2163,30
il,10,8,9.0133,21.3067,13825666.7,11.0058,2.3597,0.1753,30
il,10,9,9.5933,22.31,13709666.7,11.435,2.3068,0.14,30
il,10,10,9.2867,21.9233,13329000.0,11.6142,2.4334,0.2147,30
il,10,11,9.0967,21.4733,12694333.3,11.2592,2.6236,0.294,30
il,10,12,10.59,20.3267,11153666.7,11.732,2.7644,0.2183,30
il,10,13,9.3733,19.94,11832000.0,10.8683,3.1664,0.362,30
il,10,14,7.7967,19.1267,11802000.0,9.8427,2.9317,0.3927,30
il,10,15,7.7,18.3667,11285333.3,9.5142,2.9897,0.2323,30
il,10,16,6.88,17.1967,12268666.7,9.0125,2.971,0.185,30
il,10,17,6.47,17.47,12387000.0,8.7408,2.9277,0.233,30
il,10,18,5.9667,17.8567,12405333.3,8.7466,2.9162,0.3237,30
il,10,19,6.13,17.57,12093333.3,8.478,2.8661,0.1183,30
il,10,20,6.6767,18.6433,12582333.3,8.8119,2.9981,0.203,30
il,10,21,7.74,18.6,12387333.3,9.1555,3.0668,0.1537,30
il,10,22,7.1533,18.1433,11159000.0,9.6461,2.9131,0.1417,30
il,10,23,7.8833,17.57,9753666.7,9.595,3.3503,0.42,30
il,10,24,7.0567,16.75,10455333.3,9.584,3.1523,0.3187,30
il,10,25,6.95,17.2233,9806000.0,9.3965,3.0862,0.4317,30
il,10,26,7.0133,15.7567,8637000.0,9.0533,3.2646,0.5043,30
il,10,27,6.2833,14.7367,10248666.7,9.0521,2.8757,0.2857,30
il,10,28,5.0833,14.6533,9956666.7,8.2743,2.8601,0.2407,30
il,10,29,5.2,15.8633,10536666.7,8.5879,2.9674,0.125,30
il,10,30,7.0467,16.54,9523000.0,9.0337,3.4487,0.3503,30
il,10,31,6.21,14.93,8978000.0,9.2192,3.2514,0.4857,30
il,11,1,4.56,14.54,10104666.7,8.257,2.8288,0.25,30
il,11,2,3.9,14.8633,9869000.0,8.1018,2.9054,0.1873,30
il,11,3,3.5067,14.1833,10123333.3,7.3446,2.8697,0.1907,30
il,11,4,5.89,14.51,8969000.0,8.1958,3.0737,0.262,30
il,11,5,5.0,14.59,8631333.3,8.3999,2.8637,0.45,30
il,11,6,5.2833,14.39,8548666.7,8.1423,3.379,0.264,30
il,11,7,3.4533,13.9667,9988000.0,7.4013,2.6425,0.2173,30
il,11,8,3.71,13.5733,9608333.3,7.5687,2.6121,0.1017,30
il,11,9,3.9633,14.1167,9152333.3,7.629,3.0256,0.1743,30
il,11,10,4.3533,13.5867,9060666.7,7.8677,3.3917,0.261,30
il,11,11,2.3567,12.5467,8266000.0,6.8017,3.4161,0.235,30
il,11,12,0.57,9.98,9122666.7,6.1279,2.9681,0.1487,30
il,11,13,0.3633,10.0067,9626333.3,5.7859,3.0191,0.0453,30
il,11,14,1.14,10.2867,8314000.0,6.123,2.8917,0.1,30
il,11,15,1.3267,10.5267,7597666.7,6.4504,2.8077,0.223,30
il,11,16,1.32,10.1467,7657000.0,6.445,3.1515,0.159,30
il,11,17,1.3667,10.3533,7729000.0,7.1759,3.2452,0.315,30
il,11,18,1.74,10.2167,7744000.0,7.0186,3.1489,0.5927,30
il,11,19,1.39,10.7133,8365000.0,6.2731,3.3735,0.099,30
il,11,20,0.92,9.8933,8479333.3,6.0182,2.9214,0.015,30
il,11,21,0.6367,9.61,7158000.0,6.2175,3.0139,0.222,30
il,11,22,0.4333,9.54,7872000.0,6.3258,2.9899,0.1667,30
il,11,23,0.7,10.28,7914333.3,6.3653,2.9794,0.2307,30
il,11,24,-0.05,9.2667,7302000.0,5.9975,3.1889,0.3973,30
il,11,25,0.48,8.5967,6693666.7,6.1209,3.1685,0.2087,30
il,11,26,-0.1967,8.7133,7463333.3,5.9372,2.9554,0.194,30
il,11,27,-0.53,7.9833,6789000.0,6.2128,3.0471,0.354,30
il,11,28,-0.6833,8.11,7615666.7,5.7571,3.0119,0.2113,30
il,11,29,0.49,9.07,6407666.7,6.3595,3.1958,0.128,30
il,11,30,-0.03,8.86,6222333.3,6.0823,3.2703,0.5027,30
il,12,1,-1.58,6.7733,7203333.3,5.2547,3.2559,0.419,30
il,12,2,-0.9167,7.6367,6945666.7,5.5285,2.767,0.0797,30
il,12,3,-0.72,7.3633,6813000.0,6.1013,2.9664,0.0883,30
il,12,4,-0.4833,6.98,6227666.7,6.1439,2.885,0.1647,30
il,12,5,-2.8733,6.1033,6814000.0,5.3724,3.1824,0.2393,30
il,12,6,-2.7433,4.1633,6543000.0,5.0262,2.7833,0.1217,30
il,12,7,-3.8933,3.85,7424000.0,4.6947,2.4217,0.1297,30
il,12,8,-3.0933,4.1033,6520333.3,4.7389,2.7047,0.0797,30
il,12,9,-3.0433,5.1033,6367000.0,5.32,3.0792,0.2303,30
il,12,10,-3.9367,4.9367,6977333.3,4.7847,2.8862,0.1163,30
il,12,11,-3.11,4.9,6446666.7,4.947,2.6604,0.2563,30
il,12,12,-3.0967,4.62,6603666.7,4.9328,2.7943,0.186,30
il,12,13,-2.7867,5.0833,5921000.0,5.1552,2.8319,0.147,30
il,12,14,-1.43,5.76,5850666.7,5.8672,2.8819,0.4053,30
il,12,15,-2.2367,5.9033,6129000.0,5.5485,3.2322,0.2683,30
il,12,16,-2.1933,4.6433,5958666.7,5.2587,3.1475,0.1993,30
il,12,17,-3.78,2.6833,6406333.3,4.6287,2.5965,0.092,30
il,12,18,-4.53,3.0367,7018333.3,4.5286,2.9801,0.1527,30
il,12,19,-4.93,3.5867,6995666.7,4.4277,2.8989,0.156,30
il,12,20,-4.5667,3.71,5901333.3,4.5104,2.932,0.2063,30
il,12,21,-3.8333,4.19,6279333.3,4.7328,3.0723,0.2253,30
il,12,22,-3.9033,3.3533,5674333.3,4.9515,2.8917,0.1653,30
il,12,23,-3.5133,4.18,5909333.3,5.158,3.4425,0.354,30
il,12,24,-5.0367,2.78,6196333.3,4.6981,3.084,0.2493,30
il,12,25,-5.0333,2.4267,6790333.3,4.602,3.061,0.2073,30
il,12,26,-3.6067,3.63,6355000.0,4.8502,2.9631,0.096,30
il,12,27,-2.87,4.38,6171666.7,5.2908,2.9873,0.371,30
il,12,28,-3.1233,5.0633,5890333.3,5.013,3.1853,0.2933,30
il,12,29,-2.25,4.53,5931333.3,5.4517,2.9667,0.1653,30
il,12,30,-3.4567,4.4533,5883000.0,5.2343,3.0804,0.125,30
il,12,31,-2.9933,3.49,6532333.3,5.2311,3.0941,0.3317,30
mn,1,1,-13.3967,-5.8,6247333.3,2.4569,3.3282,0.0413,30
mn,1,2,-13.42,-5.29,6178000.0,2.643,2.9231,0.062,30
mn,1,3,-12.61,-3.86,5878000.0,2.7083,3.2883,0.083,30
mn,1,4,-12.92,-4.7267,6332000.0,2.7332,3.3393,0.124,30
mn,1,5,-13.5533,-5.2067,6236666.7,2.7275,3.5552,0.068,30
mn,1,6,-13.1567,-6.3,6525666.7,2.7002,3.2215,0.0197,30
mn,1,7,-14.18,-5.2033,6717666.7,2.5921,3.1171,0.0137,30
mn,1,8,-12.4267,-4.3333,6331666.7,2.8125,2.9403,0.0413,30
mn,1,9,-12.8833,-4.2633,6233666.7,2.7232,3.4176,0.047,30
mn,1,10,-11.57,-4.1067,6237333.3,2.8915,3.4147,0.1007,30
mn,1,11,-12.0367,-4.0333,6112666.7,2.9265,3.0737,0.0887,30
mn,1,12,-13.07,-5.3867,6260333.3,2.708,3.3661,0.089,30
mn,1,13,-14.5767,-6.8267,6639333.3,2.4438,2.9913,0.0383,30
mn,1,14,-13.8867,-5.66,6206333.3,2.6149,3.2691,0.1333,30
mn,1,15,-14.4633,-6.0167,7121666.7,2.4823,3.4669,0.0617,30
mn,1,16,-13.65,-5.27,6929000.0,2.6066,3.7662,0.06,30
mn,1,17,-14.06,-5.3933,6932666.7,2.5204,3.6924,0.0993,30
mn,1,18,-14.01,-3.9633,7187333.3,2.5194,3.8347,0.1483,30
mn,1,19,-14.7033,-6.41,7655333.3,2.4444,3.4563,0.0673,30
mn,1,20,-15.1667,-7.4367,7167000.0,2.3564,2.8324,0.0427,30
mn,1,21,-13.57,-5.7367,6528666.7,2.6765,3.3299,0.07,30
mn,1,22,-12.5867,-4.8633,7127666.7,2.7923,3.4899,0.0797,30
mn,1,23,-13.1267,-5.9567,7105000.0,2.6811,3.4077,0.1033,30
mn,1,24,-13.1733,-4.2833,7338000.0,2.8206,3.2124,0.0463,30
mn,1,25,-12.66,-5.43,8123000.0,2.6916,3.465,0.0603,30
mn,1,26,-12.9133,-4.2067,8013333.3,2.8052,3.4058,0.0767,30
mn,1,27,-12.6367,-3.6667,8286333.3,2.8591,3.6017,0.0867,30
mn,1,28,-12.2967,-5.2533,7691333.3,2.7927,3.1934,0.058,30
mn,1,29,-13.2267,-5.1667,8312000.0,2.6531,3.4396,0.0303,30
mn,1,30,-13.7667,-5.9933,8304333.3,2.6299,3.2131,0.0927,30
mn,1,31,-11.3433,-3.6933,8720000.0,3.2624,3.2624,0.084,30
mn,2,1,-12.0967,-3.2533,8838666.7,2.9925,3.3838,0.069,30
mn,2,2,-12.8867,-4.8733,9061333.3,2.8808,3.4135,0.0813,30
mn,2,3,-13.78,-5.3333,8890000.0,2.7229,3.4367,0.0743,30
mn,2,4,-14.6,-4.9033,9787666.7,2.4304,3.4482,0.0363,30
mn,2,5,-13.16,-4.1667,9334666.7,2.6612,2.8539,0.042,30
mn,2,6,-11.85,-2.4067,9542666.7,2.8662,3.0186,0.0523,30
mn,2,7,-11.5233,-3.53,9397000.0,2.9516,3.4068,0.0637,30
mn,2,8,-13.0033,-4.0967,10506666.7,2.7356,3.4257,0.0727,30
mn,2,9,-11.5333,-3.5467,9842000.0,2.9795,3.7688,0.0907,30
mn,2,10,-13.2033,-4.0967,9906000.0,2.7201,3.8287,0.1397,30
mn,2,11,-13.47,-3.58,9993666.7,2.6927,3.8514,0.0553,30
mn,2,12,-13.42,-5.0267,11150000.0,2.4973,3.4808,0.0393,30
mn,2,13,-12.5,-3.5433,10690000.0,2.6225,3.4666,0.0423,30
mn,2,14,-11.2633,-2.9033,10593666.7,3.0182,3.7456,0.088,30
mn,2,15,-13.06,-4.0167,11255666.7,2.7288,3.5399,0.094,30
mn,2,16,-12.68,-3.97,12155333.3,2.5326,3.3024,0.004,30
mn,2,17,-11.6467,-1.8967,11592666.7,2.9252,3.6685,0.0903,30
mn,2,18,-10.9967,-0.6067,11308666.7,3.1776,3.6098,0.011,30
mn,2,19,-11.35,-1.0933,11845333.3,3.1368,3.2521,0.031,30
mn,2,20,-8.7067,-0.3167,10569666.7,3.7207,3.5868,0.229,30
mn,2,21,-9.98,-0.6967,11521333.3,3.2727,3.5928,0.1307,30
mn,2,22,-10.0167,-0.8167,11369000.0,3.3715,3.2219,0.0747,30
mn,2,23,-8.67,-0.8233,11660666.7,3.6249,3.5318,0.113,30
mn,2,24,-9.76,-0.8833,11575000.0,3.3446,3.5509,0.174,30
mn,2,25,-10.2433,-1.38,13053666.7,3.1955,3.6328,0.1573,30
mn,2,26,-9.7233,-0.84,12455000.0,3.2182,3.6314,0.0993,30
mn,2,27,-10.2633,-0.8133,13449333.3,3.226,3.2748,0.0563,30
mn,2,28,-10.3667,-1.53,12814333.3,3.1201,3.4233,0.1123,30
mn,3,1,-8.88,-0.9967,13592333.3,3.3789,3.3701,0.1537,30
mn,3,2,-11.21,-1.3833,14123000.0,2.9912,3.3543,0.0393,30
mn,3,3,-10.2367,-0.3733,14279666.7,3.0604,3.486,0.028,30
mn,3,4,-8.9533,0.5,12662666.7,3.2946,3.4623,0.0587,30
mn,3,5,-7.3233,0.72,13245000.0,3.8595,3.4729,0.2163,30
mn,3,6,-7.6233,1.8733,14639666.7,3.8882,3.6436,0.141,30
mn,3,7,-7.7333,1.9967,14226000.0,3.7635,3.6184,0.0463,30
mn,3,8,-6.83,1.4767,14209666.7,4.082,3.6469,0.1297,30
mn,3,9,-6.6567,1.7267,13663333.3,3.9392,3.5907,0.2697,30
mn,3,10,-6.89,2.6833,14403666.7,3.9594,3.3922,0.1597,30
mn,3,11,-6.2167,3.4333,15588333.3,4.0399,3.5255,0.1133,30
mn,3,12,-5.8567,3.9267,13404666.7,4.2895,3.4437,0.1563,30
mn,3,13,-3.9967,5.89,14584000.0,4.8081,3.3694,0.206,30
mn,3,14,-3.5633,5.5333,15389333.3,4.8572,3.2863,0.1033,30
mn,3,15,-3.5433,5.73,15245666.7,4.6755,3.3179,0.1373,30
mn,3,16,-3.76,5.7933,15145000.0,4.8258,3.193,0.0663,30
mn,3,17,-3.7133,6.25,16357333.3,4.8886,3.3232,0.045,30
mn,3,18,-2.2433,5.3533,13904333.3,5.0173,3.4039,0.1377,30
mn,3,19,-3.0733,6.6733,16013333.3,4.9829,3.3678,0.0873,30
mn,3,20,-3.23,6.48,16169333.3,4.6845,3.3136,0.188,30
mn,3,21,-2.9533,6.8067,15494000.0,4.7642,3.136,0.0517,30
mn,3,22,-3.1733,6.5433,15496333.3,4.9332,3.0807,0.2057,30
mn,3,23,-2.43,6.5933,15071000.0,5.1082,3.0661,0.228,30
mn,3,24,-2.17,6.7133,14390333.3,5.4779,3.2054,0.2803,30
mn,3,25,-2.4633,6.2567,15941666.7,5.0818,3.7106,0.2893,30
mn,3,26,-4.34,6.7633,16897333.3,4.9351,3.2047,0.1673,30
mn,3,27,-2.2333,7.94,15816666.7,5.5347,3.3476,0.2163,30
mn,3,28,-2.4733,8.3533,16651333.3,5.4257,3.2519,0.264,30
mn,3,29,-0.84,10.2033,17677666.7,5.295,3.3903,0.182,30
mn,3,30,0.1933,10.6533,14894000.0,5.7309,3.4161,0.2383,30
mn,3,31,-0.04,9.9467,15449666.7,5.7938,3.6673,0.376,30
mn,4,1,-0.9467,9.8,17866000.0,5.5541,3.3565,0.185,30
mn,4,2,-0.02,10.9067,16859333.3,5.812,3.3689,0.1597,30
mn,4,3,-0.8633,10.36,16916000.0,5.3133,3.6623,0.141,30
mn,4,4,-1.6833,9.3233,18880000.0,4.7433,3.2219,0.1123,30
mn,4,5,-0.2433,11.68,17125333.3,5.4879,3.1831,0.1663,30
mn,4,6,0.6133,11.9367,17189666.7,5.9313,3.9015,0.401,30
mn,4,7,1.0667,10.6967,16023333.3,6.1135,3.7039,0.411,30
mn,4,8,-0.2,11.0867,18135333.3,5.5422,3.3342,0.186,30
mn,4,9,0.1433,12.3667,18340666.7,5.4391,3.1118,0.188,30
mn,4,10,1.59,13.2267,16228666.7,5.7828,3.3972,0.3153,30
mn,4,11,1.69,13.0667,17071333.3,6.3449,3.4793,0.64,30
mn,4,12,2.3933,13.3433,15931666.7,6.3241,3.5145,0.4437,30
mn,4,13,2.5933,14.68,18764333.3,6.4898,3.3792,0.1363,30
mn,4,14,2.56,15.7033,19588333.3,6.5277,3.5761,0.1667,30
mn,4,15,3.5033,14.8433,18064000.0,6.9473,3.8921,0.4423,30
mn,4,16,2.8933,13.3567,16649000.0,6.786,4.0344,0.491,30
mn,4,17,2.1433,14.0433,19626666.7,6.4002,2.8197,0.1093,30
mn,4,18,4.4033,15.59,18560666.7,7.2357,3.2873,0.2737,30
mn,4,19,3.55,14.23,16649333.3,7.1855,3.4559,0.3613,30
mn,4,20,3.3467,13.7133,16999333.3,7.0446,3.3187,0.2083,30
mn,4,21,3.85,14.9967,18866666.7,7.2086,3.2535,0.29,30
mn,4,22,3.0133,15.0267,19355666.7,6.5046,3.0589,0.224,30
mn,4,23,3.5,17.9,22047000.0,6.7191,3.2066,0.174,30
mn,4,24,5.0333,18.0933,19400666.7,7.282,3.2016,0.1887,30
mn,4,25,4.3967,16.4533,19935000.0,7.0332,3.0742,0.3297,30
mn,4,26,3.9333,15.8933,18621333.3,6.5092,3.4281,0.2807,30
mn,4,27,4.3567,15.1233,18225666.7,6.4947,3.1645,0.2487,30
mn,4,28,4.53,16.59,18565000.0,7.0817,3.3031,0.306,30
mn,4,29,5.5667,17.28,19665666.7,7.39,3.4041,0.2703,30
mn,4,30,6.56,17.51,17930000.0,7.9021,3.3831,0.4107,30
mn,5,1,5.8033,17.5933,18964000.0,7.6468,3.675,0.3393,30
mn,5,2,5.51,17.54,20073333.3,7.5163,2.9724,0.171,30
mn,5,3,5.6933,18.8233,22852333.3,7.6172,3.0107,0.1283,30
mn,5,4,6.8967,19.7033,20854000.0,7.6709,3.1987,0.1903,30
mn,5,5,8.1267,20.0467,19096666.7,8.616,3.1925,0.3757,30
mn,5,6,8.8067,20.7433,19115666.7,9.9158,3.0201,0.2863,30
mn,5,7,9.3267,20.7367,19879666.7,9.8568,3.1819,0.4137,30
mn,5,8,8.9267,19.3933,16177666.7,9.9392,3.4029,0.747,30
mn,5,9,8.1567,19.2167,18680000.0,10.1118,3.3462,0.364,30
mn,5,10,7.9867,19.6733,19188666.7,9.454,3.1616,0.224,30
mn,5,11,8.0333,19.2367,17873000.0,9.3217,3.4125,0.505,30
mn,5,12,7.5267,18.51,18895000.0,8.9115,3.4221,0.4593,30
mn,5,13,7.32,18.9767,18411333.3,8.5816,3.3929,0.291,30
mn,5,14,8.7467,20.4033,21305666.7,9.5589,3.6024,0.3557,30
mn,5,15,9.1167,22.06,22488666.7,9.9632,3.0481,0.1967,30
mn,5,16,10.0167,22.7167,22682666.7,10.5231,3.0519,0.2313,30
mn,5,17,10.44,22.8167,22169666.7,10.7323,3.1587,0.6287,30
mn,5,18,10.83,23.22,22454000.0,10.6486,3.5387,0.3423,30
mn,5,19,10.5467,22.21,19461666.7,10.8934,3.2071,0.401,30
mn,5,20,10.1133,21.2633,20976333.3,11.1219,3.1829,0.4507,30
mn,5,21,10.2767,21.8333,20561333.3,10.8878,2.9051,0.296,30
mn,5,22,10.9,22.0267,20016666.7,10.7832,3.4128,0.2613,30
mn,5,23,11.9967,22.32,19489000.0,11.8819,3.2993,0.346,30
mn,5,24,11.7233,22.2233,18837666.7,12.1288,3.1745,0.5127,30
mn,5,25,11.9,22.5633,20590000.0,12.0211,3.2373,0.2137,30
mn,5,26,11.79,22.5933,20884000.0,11.7837,2.8158,0.1457,30
mn,5,27,11.49,22.6033,19525000.0,12.2779,2.9193,0.5337,30
mn,5,28,12.55,24.1633,23380666.7,12.6272,2.88,0.3093,30
mn,5,29,13.0733,24.6567,21416666.7,13.1686,2.943,0.311,30
mn,5,30,13.52,24.5733,21366000.0,13.8095,3.0737,0.7473,30
mn,5,31,13.0267,24.7567,23181000.0,12.8454,3.0505,0.239,30
mn,6,1,12.86,24.09,22298000.0,12.7067,2.7495,0.3673,30
mn,6,2,13.0833,24.58,23136000.0,12.8097,2.8644,0.3187,30
mn,6,3,13.1633,23.8933,21641000.0,13.0746,2.8058,0.334,30
mn,6,4,13.7567,24.9667,22408666.7,13.6626,2.6035,0.2693,30
mn,6,5,14.5567,25.2633,22376333.3,14.3133,2.624,0.273,30
mn,6,6,14.71,25.6667,23007333.3,14.7681,2.8917,0.4307,30
mn,6,7,15.3733,26.4267,22565333.3,15.3331,2.9813,0.2897,30
mn,6,8,14.8367,26.34,22777666.7,14.8303,2.8589,0.411,30
mn,6,9,14.93,26.0133,22307333.3,14.5868,3.0215,0.3543,30
mn,6,10,15.6533,25.38,20600333.3,15.586,2.9827,0.387,30
mn,6,11,14.9767,25.4733,19659666.7,15.5999,2.7828,0.7777,30
mn,6,12,14.1633,25.6933,23831000.0,14.8304,2.648,0.2723,30
mn,6,13,14.8233,26.4167,23441000.0,14.6881,2.7909,0.389,30
mn,6,14,15.84,26.5567,22656000.0,15.3678,3.0866,0.4367,30
mn,6,15,16.3733,26.64,21469000.0,16.2472,2.9966,0.472,30
mn,6,16,16.0367,26.5967,23882333.3,16.2123,2.8249,0.2713,30
mn,6,17,15.7733,26.9767,22055666.7,16.6416,2.692,0.5787,30
mn,6,18,16.6267,26.7267,21423000.0,17.4807,3.0083,0.6373,30
mn,6,19,15.8433,26.8467,22582000.0,16.5505,3.13,0.5007,30
mn,6,20,17.0367,27.28,22635000.0,17.1708,2.7249,0.4687,30
mn,6,21,16.4033,26.25,21971666.7,16.8479,3.0064,0.9243,30
mn,6,22,16.41,26.9633,22714000.0,17.6949,2.4983,0.4983,30
mn,6,23,16.7333,27.5433,23208000.0,18.0317,2.7141,0.4413,30
mn,6,24,17.18,27.6867,24595000.0,18.3213,2.6317,0.313,30
mn,6,25,17.1833,27.7133,23716000.0,18.2829,2.9181,0.5123,30
mn,6,26,17.13,27.5633,23129666.7,17.7005,2.9688,0.3283,30
mn,6,27,16.95,27.3133,23802000.0,17.8442,2.6296,0.6273,30
mn,6,28,17.1333,26.9,22692333.3,17.9882,2.9511,0.5563,30
mn,6,29,16.67,27.7867,25238333.3,18.0613,2.9617,0.2443,30
mn,6,30,17.4633,27.9533,25049000.0,18.0145,2.6782,0.157,30
mn,7,1,16.6267,27.68,24255000.0,17.663,2.6298,0.3123,30
mn,7,2,16.9367,27.6267,23425333.3,17.7371,2.6655,0.2733,30
mn,7,3,17.4633,28.0633,23937333.3,19.0447,2.4904,0.448,30
mn,7,4,18.3033,28.4533,22488333.3,20.0323,2.5132,0.276,30
mn,7,5,18.45,28.0967,23026333.3,19.8024,2.5776,0.2103,30
mn,7,6,17.79,28.3233,23938666.7,19.213,2.3578,0.4253,30
mn,7,7,17.26,27.67,23146000.0,18.7966,2.3223,0.387,30
mn,7,8,17.7667,27.9033,24528000.0,19.0992,2.6327,0.2033,30
mn,7,9,17.24,28.2533,22894666.7,19.0153,2.4332,0.2983,30
mn,7,10,17.7967,28.35,24345666.7,19.2621,2.6717,0.2807,30
mn,7,11,17.8833,28.4433,24314666.7,19.4004,2.8439,0.4253,30
mn,7,12,18.0667,28.31,24276333.3,19.5068,2.647,0.3853,30
mn,7,13,17.91,28.51,25379333.3,19.5247,2.5477,0.2077,30
mn,7,14,18.4567,28.6133,22523333.3,20.2079,2.5275,0.451,30
mn,7,15,18.0033,28.6967,24612333.3,20.2468,2.4691,0.1257,30
mn,7,16,18.4267,29.03,23775333.3,20.0464,2.5556,0.193,30
mn,7,17,18.3167,28.7933,23862666.7,20.7283,2.4971,0.2863,30
mn,7,18,18.2833,28.6033,23233333.3,20.6699,2.4246,0.1923,30
mn,7,19,18.4633,28.71,22615000.0,20.6778,2.6523,0.4367,30
mn,7,20,18.5633,28.78,23029333.3,20.832,2.6176,0.3017,30
mn,7,21,18.4567,28.4533,22663333.3,20.4758,2.2857,0.349,30
mn,7,22,18.0533,28.4667,23787333.3,20.0286,2.325,0.2137,30
mn,7,23,17.3567,28.0533,23915666.7,19.5663,2.2108,0.1577,30
mn,7,24,17.7767,27.8067,22678333.3,19.7297,2.6015,0.2467,30
mn,7,25,17.92,28.2067,22909666.7,20.3033,2.5457,0.4237,30
mn,7,26,18.0333,28.3767,22805000.0,20.429,2.4914,0.4833,30
mn,7,27,17.9867,28.0167,22711666.7,20.2153,2.6372,0.2357,30
mn,7,28,17.77,27.8,22262333.3,19.6883,2.4466,0.3407,30
mn,7,29,16.27,27.3767,24288333.3,18.3141,2.211,0.2157,30
mn,7,30,17.3367,27.86,23712333.3,19.2627,2.2345,0.158,30
mn,7,31,17.1133,28.7533,24105333.3,19.4585,2.3568,0.1397,30
mn,8,1,17.6733,28.5567,22023000.0,19.4936,2.4375,0.1987,30
mn,8,2,17.0667,28.1,23346000.0,19.0926,2.2943,0.1437,30
mn,8,3,17.0233,28.3267,21657000.0,19.2926,2.2455,0.284,30
mn,8,4,17.05,27.6567,20409666.7,18.9872,2.5352,0.541,30
mn,8,5,16.7833,26.6933,20368000.0,18.6681,2.4334,0.389,30
mn,8,6,16.7833,27.07,20323666.7,18.8854,2.2637,0.235,30
mn,8,7,16.9767,27.36,20726333.3,19.4684,2.301,0.3733,30
mn,8,8,17.3567,27.5033,21039333.3,19.8336,2.4797,0.3153,30
mn,8,9,17.1267,27.5867,21694000.0,19.2022,2.5407,0.1667,30
mn,8,10,16.11,26.4233,20730333.3,18.0457,2.2773,0.333,30
mn,8,11,16.2467,26.98,21470000.0,18.2846,2.1847,0.3523,30
mn,8,12,16.7633,26.7733,19923666.7,18.6129,2.4045,0.246,30
mn,8,13,15.6633,26.4167,20078000.0,18.1073,2.3228,0.4207,30
mn,8,14,15.2567,26.61,20951333.3,17.723,2.4222,0.334,30
mn,8,15,15.65,26.4533,20838666.7,17.5717,2.5884,0.151,30
mn,8,16,16.2033,26.79,19746000.0,18.2675,2.6679,0.4953,30
mn,8,17,15.7067,26.4567,20122666.7,17.6392,2.7011,0.5423,30
mn,8,18,15.6967,26.07,19270666.7,17.7983,2.5675,0.3787,30
mn,8,19,15.7433,25.7833,18254000.0,18.2486,2.624,0.4403,30
mn,8,20,15.7467,26.0,19276000.0,18.0799,2.6133,0.2483,30
mn,8,21,15.8533,26.15,19340000.0,18.0684,2.613,0.5983,30
mn,8,22,15.8733,26.8233,20497666.7,18.1905,2.6691,0.2137,30
mn,8,23,16.5033,27.3933,20731000.0,18.5812,2.7069,0.0867,30
mn,8,24,17.3333,27.4167,19873666.7,19.6749,3.0002,0.375,30
mn,8,25,16.93,26.5267,18336000.0,19.1808,2.5659,0.1613,30
mn,8,26,16.4567,26.9867,18347666.7,18.9977,2.3528,0.396,30
mn,8,27,16.4033,26.3233,18907333.3,18.4573,2.4064,0.2513,30
mn,8,28,16.71,26.64,18013000.0,18.7729,2.5627,0.1967,30
mn,8,29,14.93,26.3367,20410666.7,17.3059,2.7241,0.312,30
mn,8,30,14.93,26.4967,20130666.7,16.8489,2.6384,0.264,30
mn,8,31,15.02,26.68,19644666.7,16.8101,2.8759,0.1743,30
mn,9,1,15.2367,26.5167,19271000.0,16.739,2.8604,0.1333,30
mn,9,2,15.6233,26.68,17845000.0,16.9919,2.915,0.3337,30
mn,9,3,14.74,26.0267,19093000.0,16.1132,3.0917,0.2317,30
mn,9,4,14.5167,26.3433,18804000.0,16.6029,2.6861,0.1327,30
mn,9,5,15.3567,26.5,18280666.7,16.5165,3.1666,0.2467,30
mn,9,6,14.92,26.1533,18264333.3,16.7083,3.0972,0.391,30
mn,9,7,13.69,24.9533,17222000.0,15.0828,2.8767,0.2447,30
mn,9,8,12.24,23.5733,17492000.0,13.8144,2.8522,0.2047,30
mn,9,9,12.5633,23.3933,15374666.7,14.0683,2.9102,0.2013,30
mn,9,10,13.1833,24.3967,17029333.3,14.1513,3.1202,0.1963,30
mn,9,11,12.75,24.5867,16342333.3,13.7832,2.9715,0.2497,30
mn,9,12,12.0967,24.5733,17314666.7,13.8995,2.6317,0.4073,30
mn,9,13,11.42,23.4167,16632000.0,13.0679,2.8043,0.1673,30
mn,9,14,11.0767,22.8733,15324333.3,12.9325,2.8352,0.2057,30
mn,9,15,11.8867,23.5333,16231333.3,13.6501,2.7359,0.3437,30
mn,9,16,12.7133,24.8467,16191666.7,14.0841,2.9933,0.413,30
mn,9,17,12.5533,24.1,15892666.7,14.0446,3.033,0.41,30
mn,9,18,12.47,23.7667,13470333.3,13.7902,2.9928,0.4397,30
mn,9,19,13.2867,23.8567,14430666.7,14.2494,3.2751,0.1523,30
mn,9,20,11.7133,23.08,14494000.0,12.9686,3.4037,0.4477,30
mn,9,21,10.82,21.7267,13226000.0,12.517,3.3369,0.264,30
mn,9,22,9.63,20.74,13539333.3,12.0226,2.9547,0.4093,30
mn,9,23,10.6367,20.84,12546666.7,12.4402,2.9581,0.597,30
mn,9,24,10.0233,21.0033,13343000.0,12.3345,3.1094,0.2413,30
mn,9,25,9.6,21.13,13393000.0,11.7928,2.6329,0.3747,30
mn,9,26,9.4233,22.22,15312333.3,11.4859,2.7897,0.2047,30
mn,9,27,10.23,21.8267,14893333.3,11.4272,3.0524,0.0767,30
mn,9,28,8.23,21.0233,14402666.7,10.5254,3.1115,0.1297,30
mn,9,29,8.9367,21.3267,14129000.0,10.1453,3.2839,0.1103,30
mn,9,30,10.1133,22.0667,14535000.0,10.9876,3.265,0.2513,30
mn,10,1,8.9367,20.2233,12453666.7,10.6567,3.3002,0.3493,30
mn,10,2,7.79,19.65,12077000.0,10.0511,2.9257,0.2507,30
mn,10,3,8.4667,19.0433,12197666.7,10.1042,3.0924,0.275,30
mn,10,4,6.91,18.01,12201333.3,8.9123,3.2499,0.358,30
mn,10,5,7.7333,18.4267,11872000.0,9.5975,3.4089,0.5397,30
mn,10,6,7.5833,17.0167,10771000.0,9.2828,3.6793,0.266,30
mn,10,7,6.8367,18.34,12302000.0,8.9393,3.2308,0.154,30
mn,10,8,7.2133,19.4367,12597000.0,9.4543,3.1415,0.1193,30
mn,10,9,6.9033,18.4333,12519666.7,9.0772,3.0653,0.0823,30
mn,10,10,5.8667,18.6533,12413000.0,8.9738,3.0548,0.1897,30
mn,10,11,6.76,18.7767,12193333.3,9.326,3.5224,0.127,30
mn,10,12,7.0367,17.3033,9921000.0,9.0754,3.7202,0.335,30
mn,10,13,5.3967,15.06,10389333.3,8.0638,3.6376,0.2763,30
mn,10,14,4.44,14.1167,10555333.3,7.1059,3.6046,0.104,30
mn,10,15,3.8433,13.6467,10735333.3,7.2457,3.2449,0.2563,30
mn,10,16,3.49,14.0733,11101666.7,7.1603,3.0658,0.087,30
mn,10,17,3.8633,14.8333,10052666.7,7.7399,3.1187,0.2687,30
mn,10,18,4.4633,15.34,10436000.0,7.385,3.4398,0.1373,30
mn,10,19,5.01,15.6367,10536333.3,7.5638,3.3062,0.0747,30
mn,10,20,3.9467,15.72,10259666.7,7.4458,2.9727,0.0803,30
mn,10,21,4.35,14.2267,9329333.3,7.4474,3.3603,0.2177,30
mn,10,22,2.56,13.62,9397000.0,6.9656,3.0617,0.1287,30
mn,10,23,4.2567,12.7167,8718666.7,7.9007,3.2942,0.318,30
mn,10,24,2.9867,12.6233,9065000.0,7.4283,2.9028,0.161,30
mn,10,25,3.39,12.58,9000333.3,7.1933,3.2186,0.102,30
mn,10,26,2.5867,11.34,7971333.3,7.02,3.2557,0.2523,30
mn,10,27,1.51,11.46,8363000.0,6.4471,3.3117,0.1493,30
mn,10,28,1.97,11.6433,8995666.7,6.5325,3.5363,0.1947,30
mn,10,29,2.6567,12.5033,7886666.7,7.1016,3.0182,0.2,30
mn,10,30,2.5767,11.71,7455666.7,7.1122,3.1733,0.2063,30
mn,10,31,0.4967,10.27,9044000.0,6.1091,3.3512,0.1617,30
mn,11,1,0.3733,10.1367,8805666.7,5.74,3.1966,0.143,30
mn,11,2,0.8133,10.4667,9223000.0,5.6948,3.3321,0.0317,30
mn,11,3,0.4133,10.8933,8182333.3,5.9031,2.9856,0.0793,30
mn,11,4,0.55,10.43,8001333.3,6.2257,2.8582,0.111,30
mn,11,5,1.1267,10.8433,7182000.0,6.5608,2.9265,0.1057,30
mn,11,6,1.33,10.33,7710000.0,6.5084,3.2152,0.2393,30
mn,11,7,-0.1,9.9167,8080666.7,5.821,2.9248,0.0767,30
mn,11,8,0.29,9.68,7689333.3,5.7094,3.1451,0.043,30
mn,11,9,-0.3333,9.67,7447333.3,5.8382,3.3721,0.1177,30
mn,11,10,-0.8767,7.2133,6049333.3,5.5265,3.4784,0.37,30
mn,11,11,-3.38,5.6867,8119000.0,4.6319,3.3409,0.1383,30
mn,11,12,-3.47,4.6433,7392000.0,4.57,3.1216,0.1223,30
mn,11,13,-2.7967,6.7133,7150333.3,4.9577,3.0577,0.2437,30
mn,11,14,-1.12,6.7467,6650333.3,5.4489,3.175,0.0523,30
mn,11,15,-2.9033,6.7433,6719333.3,5.2307,2.6841,0.1517,30
mn,11,16,-2.5433,5.7733,6732000.0,5.3188,3.0893,0.2013,30
mn,11,17,-2.6,5.2267,6478000.0,5.1924,3.2083,0.1167,30
mn,11,18,-3.1267,5.3667,6579333.3,5.0552,3.2902,0.2,30
mn,11,19,-2.9167,5.4267,6313666.7,4.9333,3.5679,0.1997,30
mn,11,20,-4.5067,4.1633,6575000.0,4.2444,3.1415,0.0497,30
mn,11,21,-5.22,3.7,6972000.0,4.109,3.1515,0.041,30
mn,11,22,-4.5333,4.0633,6041000.0,4.4656,2.8635,0.0597,30
mn,11,23,-4.34,4.3633,6646000.0,4.59,3.1563,0.1353,30
mn,11,24,-4.7733,3.9533,5970000.0,4.5142,3.305,0.1993,30
mn,11,25,-5.35,2.7767,6287333.3,4.1463,3.136,0.0577,30
mn,11,26,-5.7567,1.9167,6209333.3,3.9357,2.9799,0.072,30
mn,11,27,-6.91,1.7867,6407666.7,3.9405,3.1989,0.143,30
mn,11,28,-6.1067,3.02,6014666.7,4.1346,2.9686,0.1777,30
mn,11,29,-5.44,2.6467,5692000.0,4.1367,3.0637,0.0907,30
mn,11,30,-6.0833,1.6033,6051000.0,3.8867,3.351,0.162,30
mn,12,1,-6.3933,1.1733,5928000.0,3.873,3.1934,0.1557,30
mn,12,2,-7.8967,1.1167,5919666.7,3.7951,2.8575,0.055,30
mn,12,3,-7.3467,0.3867,5894333.3,3.8972,2.8012,0.044,30
mn,12,4,-6.77,0.4733,5407333.3,3.9619,3.0242,0.1043,30
mn,12,5,-8.6533,-0.6733,5648000.0,3.486,3.3282,0.0917,30
mn,12,6,-9.5633,-0.91,6093333.3,3.0942,3.2701,0.0183,30
mn,12,7,-9.2567,-1.5867,6029000.0,3.1746,2.7332,0.0247,30
mn,12,8,-9.1367,-1.6033,5319333.3,3.3967,2.762,0.0773,30
mn,12,9,-9.67,-1.0667,5833333.3,3.3151,3.2459,0.1473,30
mn,12,10,-9.88,-1.6833,5977000.0,3.3699,3.0378,0.0457,30
mn,12,11,-10.3033,-2.8,5522333.3,3.3018,3.0356,0.128,30
mn,12,12,-10.7333,-2.62,5907666.7,3.2843,2.8271,0.0313,30
mn,12,13,-8.7867,-1.2967,5498000.0,3.5745,2.8805,0.069,30
mn,12,14,-8.6067,-0.4767,5226333.3,3.8519,3.2018,0.199,30
mn,12,15,-8.3467,-1.4933,4856666.7,3.8732,3.2878,0.2147,30
mn,12,16,-9.62,-2.0033,5096000.0,3.4615,3.3639,0.3097,30
mn,12,17,-10.5533,-4.07,5836000.0,2.8791,2.9308,0.0223,30
mn,12,18,-11.2,-3.4467,5859666.7,2.9943,3.1479,0.058,30
mn,12,19,-11.2467,-3.1533,5867333.3,2.8431,3.1544,0.0493,30
mn,12,20,-10.96,-3.0,5493000.0,2.9176,3.1896,0.0973,30
mn,12,21,-10.9933,-4.3967,5194666.7,2.9306,3.4034,0.069,30
mn,12,22,-10.8867,-3.85,5424333.3,3.2624,3.1824,0.0727,30
mn,12,23,-10.0933,-3.7167,5363000.0,3.2963,3.5184,0.1087,30
mn,12,24,-11.39,-4.8,5402666.7,3.0623,3.3819,0.1777,30
mn,12,25,-10.7467,-3.6567,4974333.3,3.1754,3.0996,0.2303,30
mn,12,26,-10.0233,-2.6933,5534666.7,3.3069,3.1882,0.161,30
mn,12,27,-10.17,-1.9067,5290333.3,3.3067,3.2083,0.151,30
mn,12,28,-9.2433,-1.59,5405000.0,3.4095,3.1266,0.1053,30
mn,12,29,-10.2333,-2.9967,5356666.7,3.3075,3.1764,0.129,30
mn,12,30,-10.6533,-3.97,4637666.7,3.3023,3.0395,0.2123,30
mn,12,31,-13.0567,-5.0967,5863000.0,2.7397,3.3881,0.105,30
ne,1,1,-9.9567,-0.27,7389666.7,2.9525,2.9629,0.0497,30
ne,1,2,-9.96,0.3767,8023666.7,3.1908,2.6818,0.053,30
ne,1,3,-9.08,1.3833,7565000.0,3.3151,3.2001,0.0667,30
ne,1,4,-8.9333,0.46,7729333.3,3.2449,3.1348,0.0713,30
ne,1,5,-8.84,1.04,7583333.3,3.2723,3.2586,0.0477,30
ne,1,6,-9.45,0.3867,7967666.7,3.3325,3.0452,0.047,30
ne,1,7,-9.1767,1.37,8140333.3,3.2739,2.9363,0.015,30
ne,1,8,-7.7833,2.96,7766000.0,3.5134,2.8371,0.0787,30
ne,1,9,-8.0833,2.36,8495333.3,3.4602,3.0931,0.0527,30
ne,1,10,-7.8167,2.8133,8259000.0,3.6158,2.9942,0.0717,30
ne,1,11,-7.8933,3.31,8434333.3,3.5907,3.1951,0.015,30
ne,1,12,-8.6833,1.09,8110666.7,3.2282,3.3527,0.0637,30
ne,1,13,-9.8333,1.1767,8636666.7,3.0876,2.8288,0.037,30
ne,1,14,-7.4333,2.41,8761000.0,3.4162,3.1252,0.044,30
ne,1,15,-9.2833,1.67,8852666.7,3.1551,3.0122,0.039,30
ne,1,16,-8.3067,1.8533,8370333.3,3.4033,3.2092,0.109,30
ne,1,17,-8.6967,1.98,9330666.7,3.3646,3.129,0.1083,30
ne,1,18,-7.77,3.6467,8599666.7,3.393,3.2741,0.1073,30
ne,1,19,-8.4933,2.61,9188000.0,3.3956,3.0771,0.078,30
ne,1,20,-8.5867,1.34,8762000.0,3.3658,2.518,0.044,30
ne,1,21,-8.2167,1.8133,8196333.3,3.5134,2.8118,0.0677,30
ne,1,22,-7.5567,2.05,8745000.0,3.5697,3.1353,0.152,30
ne,1,23,-9.1267,1.91,9286333.3,3.3668,2.9882,0.067,30
ne,1,24,-8.25,1.9433,9350666.7,3.421,2.8791,0.032,30
ne,1,25,-8.21,2.0167,9015333.3,3.4841,2.9712,0.105,30
ne,1,26,-6.8333,2.98,9642000.0,3.6494,3.3383,0.0903,30
ne,1,27,-7.77,2.7467,9976666.7,3.7557,2.7964,0.045,30
ne,1,28,-7.9733,2.81,9100666.7,3.7973,2.8798,0.053,30
ne,1,29,-7.9033,2.2767,9899000.0,3.5251,2.9334,0.035,30
ne,1,30,-8.0733,2.2867,10053000.0,3.4948,2.8209,0.0387,30
ne,1,31,-6.8533,3.14,9941333.3,3.794,2.841,0.0827,30
ne,2,1,-8.2833,3.73,10274666.7,3.688,2.7378,0.0763,30
ne,2,2,-8.94,3.0333,10838000.0,3.6606,2.9902,0.1097,30
ne,2,3,-8.0667,2.6967,10087666.7,3.8575,3.1537,0.108,30
ne,2,4,-8.2733,2.64,10563666.7,3.5726,3.3189,0.201,30
ne,2,5,-8.1467,1.9533,10855666.7,3.4977,2.6255,0.0863,30
ne,2,6,-7.21,3.4267,10656333.3,3.8244,2.6578,0.058,30
ne,2,7,-6.89,2.7367,11324666.7,3.7926,3.0598,0.0387,30
ne,2,8,-7.7467,2.8133,11232333.3,3.5783,2.9933,0.0217,30
ne,2,9,-7.2,2.9133,10775333.3,3.7202,3.2241,0.0553,30
ne,2,10,-7.33,3.2333,11529666.7,3.6904,3.2241,0.0687,30
ne,2,11,-7.9533,3.2167,12336000.0,3.3437,3.3742,0.0237,30
ne,2,12,-8.3333,2.38,12137666.7,3.1642,2.7651,0.0123,30
ne,2,13,-7.4333,5.2567,11994333.3,3.488,2.8204,0.11,30
ne,2,14,-6.5667,5.55,11559000.0,3.8137,3.2413,0.0663,30
ne,2,15,-7.87,3.5967,12601666.7,3.6161,3.1944,0.0593,30
ne,2,16,-7.8667,4.4,12685333.3,3.4112,3.159,0.0557,30
ne,2,17,-5.8333,6.02,13677000.0,3.8074,3.142,0.0287,30
ne,2,18,-5.1133,6.89,13493666.7,3.9268,3.1513,0.0737,30
ne,2,19,-5.63,6.64,12748666.7,4.147,2.7914,0.015,30
ne,2,20,-4.1767,7.06,12739000.0,4.6562,3.1111,0.109,30
ne,2,21,-5.6033,6.87,13580000.0,4.2543,3.0213,0.0727,30
ne,2,22,-5.27,6.6433,13242000.0,4.339,2.9341,0.0857,30
ne,2,23,-5.61,5.7767,12922000.0,4.1757,2.9782,0.1623,30
ne,2,24,-5.7933,5.9033,13339000.0,4.0478,3.0002,0.1757,30
ne,2,25,-6.3867,5.55,13929333.3,3.9186,3.4295,0.0773,30
ne,2,26,-6.5467,6.1767,14411000.0,3.6291,3.4614,0.0087,30
ne,2,27,-6.9267,5.7333,14723666.7,3.5518,3.0273,0.0597,30
ne,2,28,-5.4833,5.91,14078333.3,3.9281,3.2933,0.0517,30
ne,3,1,-5.6867,6.6233,14785000.0,3.8221,3.153,0.1257,30
ne,3,2,-5.6733,6.3333,15369000.0,3.7544,3.2574,0.0317,30
ne,3,3,-5.8567,7.3833,16574333.3,3.9471,2.9875,0.0303,30
ne,3,4,-4.4167,10.17,14959333.3,4.4162,3.2246,0.022,30
ne,3,5,-3.84,9.2167,16290333.3,4.6149,3.2322,0.085,30
ne,3,6,-3.8233,9.8633,15439333.3,4.3908,3.3701,0.067,30
ne,3,7,-2.9567,8.2567,14821666.7,4.6805,3.6867,0.106,30
ne,3,8,-3.9867,8.2333,14879333.3,4.6687,3.2423,0.147,30
ne,3,9,-4.2433,8.9267,16288666.7,4.7839,3.1671,0.2563,30
ne,3,10,-3.6367,9.3767,15691333.3,4.465,3.1163,0.135,30
ne,3,11,-3.1567,10.3333,16420333.3,4.6981,3.181,0.07,30
ne,3,12,-1.79,11.8067,16177000.0,5.3408,3.3139,0.0523,30
ne,3,13,-1.2067,12.6333,15494666.7,5.7881,2.8774,0.138,30
ne,3,14,-0.86,12.5233,15483666.7,5.6757,3.2983,0.369,30
ne,3,15,-0.6133,12.4333,16090333.3,5.6175,3.1977,0.1137,30
ne,3,16,-1.06,13.6,16552000.0,5.6322,3.113,0.0853,30
ne,3,17,0.42,12.6667,16635666.7,5.8936,3.0541,0.084,30
ne,3,18,-0.1133,11.44,15916000.0,5.8726,3.2545,0.1503,30
ne,3,19,-0.1933,12.5167,14873666.7,6.0125,3.3393,0.2487,30
ne,3,20,-0.54,13.26,18133333.3,5.6102,3.4923,0.13,30
ne,3,21,-0.1567,13.8433,17713333.3,5.7346,3.1118,0.1007,30
ne,3,22,0.4267,12.82,16147666.7,6.1784,2.9399,0.2577,30
ne,3,23,0.7367,12.46,14577333.3,6.3524,3.2904,0.3033,30
ne,3,24,0.27,11.9633,15184333.3,6.549,3.5662,0.3753,30
ne,3,25,-0.3733,10.1467,16186666.7,6.1113,3.1999,0.1867,30
ne,3,26,-0.1833,12.19,16800666.7,6.2821,3.016,0.2083,30
ne,3,27,0.7633,12.5033,15200666.7,6.5081,3.4295,0.353,30
ne,3,28,-0.2433,13.9833,18635666.7,6.0191,3.169,0.2177,30
ne,3,29,2.1067,14.7767,16811333.3,6.664,3.3737,0.1667,30
ne,3,30,2.1733,15.7867,17604333.3,6.6499,3.4101,0.3047,30
ne,3,31,1.4533,14.7,18451666.7,6.2159,3.6484,0.2187,30
ne,4,1,1.4033,15.91,19952333.3,6.1941,3.3517,0.0843,30
ne,4,2,1.9067,17.34,18920333.3,6.495,3.3079,0.1107,30
ne,4,3,2.1,14.58,17359000.0,6.1853,3.7181,0.1513,30
ne,4,4,0.4533,14.46,19862666.7,5.7847,3.1709,0.0853,30
ne,4,5,2.8467,16.8433,19107666.7,6.7628,3.5909,0.273,30
ne,4,6,3.5267,16.0433,18002333.3,7.3243,4.0044,0.2983,30
ne,4,7,3.1667,15.0033,17952666.7,7.0921,3.9161,0.31,30
ne,4,8,2.2367,15.8633,20134333.3,6.6142,3.3007,0.0933,30
ne,4,9,1.7667,16.53,18162000.0,6.6909,3.3309,0.3847,30
ne,4,10,3.27,16.7167,17925000.0,6.9158,3.6319,0.4027,30
ne,4,11,2.8433,15.7167,20393333.3,6.6711,3.6965,0.3237,30
ne,4,12,3.7167,17.2133,20633333.3,6.9278,4.1845,0.1093,30
ne,4,13,3.5767,18.4533,21119666.7,7.3713,3.6975,0.1023,30
ne,4,14,4.0733,18.1867,20313666.7,7.8675,3.7075,0.4003,30
ne,4,15,4.54,17.84,19684000.0,7.9339,4.0734,0.3723,30
ne,4,16,4.4733,16.85,18838666.7,7.9107,3.9369,0.3043,30
ne,4,17,3.32,17.26,21040000.0,7.686,3.0558,0.2037,30
ne,4,18,5.4467,18.2967,20058333.3,8.4327,3.6862,0.458,30
ne,4,19,4.7367,18.3267,19753666.7,7.9646,3.407,0.1877,30
ne,4,20,5.5767,17.1467,19667666.7,8.0177,3.4065,0.3237,30
ne,4,21,5.38,18.3333,20130333.3,8.1965,3.1345,0.2207,30
ne,4,22,4.6033,18.8633,21043000.0,8.1248,3.2871,0.3167,30
ne,4,23,4.91,19.8567,23038333.3,7.7688,3.4032,0.1787,30
ne,4,24,6.5933,19.9967,19323000.0,8.4791,3.2787,0.3977,30
ne,4,25,5.6133,18.1733,18199000.0,8.1895,3.578,0.4067,30
ne,4,26,5.2567,18.12,19585000.0,8.0497,3.2701,0.18,30
ne,4,27,5.82,19.2933,19748666.7,8.6522,3.3309,0.3137,30
ne,4,28,6.5033,18.7633,19390666.7,8.6704,3.2253,0.317,30
ne,4,29,7.16,18.77,18887666.7,9.1544,3.5643,0.2463,30
ne,4,30,7.1267,18.6867,19038000.0,9.0674,3.7123,0.7287,30
ne,5,1,6.6967,19.0267,19441000.0,8.795,3.5701,0.3163,30
ne,5,2,5.7,19.2333,21250666.7,8.7174,3.0083,0.405,30
ne,5,3,6.2933,19.5233,21605666.7,8.9221,2.9008,0.3497,30
ne,5,4,8.2233,21.0533,20488666.7,9.8898,3.1908,0.468,30
ne,5,5,8.6233,21.7767,21971333.3,10.9435,3.0036,0.4513,30
ne,5,6,9.8667,21.99,18557333.3,11.5816,3.2734,0.3733,30
ne,5,7,10.14,21.97,20686000.0,11.3975,3.4444,0.3643,30
ne,5,8,10.3633,21.98,21145000.0,11.5723,3.1218,0.3907,30
ne,5,9,9.4133,21.4067,21569333.3,11.1348,3.1379,0.2213,30
ne,5,10,9.2533,22.02,20241666.7,11.0051,3.1515,0.555,30
ne,5,11,9.4667,21.22,19761333.3,10.8456,3.5136,0.4953,30
ne,5,12,8.3867,19.95,19941000.0,10.3118,3.3797,0.451,30
ne,5,13,8.57,21.39,22487333.3,10.2103,3.4029,0.3453,30
ne,5,14,8.98,22.61,23469666.7,10.8986,3.0957,0.1707,30
ne,5,15,10.18,22.3733,21900333.3,11.5797,2.8338,0.3613,30
ne,5,16,10.7833,24.04,22321333.3,12.4191,2.7713,0.1543,30
ne,5,17,11.65,24.47,23517000.0,12.4197,3.3385,0.326,30
ne,5,18,11.4433,24.4667,23247000.0,12.1772,3.1882,0.211,30
ne,5,19,11.9433,24.1633,20903666.7,12.5165,3.2823,0.3987,30
ne,5,20,11.1233,21.85,20015000.0,12.474,3.1877,0.5707,30
ne,5,21,10.7467,23.01,22303666.7,11.9529,3.3278,0.3933,30
ne,5,22,12.65,24.0067,20826333.3,12.9736,3.6187,0.4167,30
ne,5,23,13.1567,23.2267,19962000.0,13.9137,3.2947,0.5753,30
ne,5,24,12.5833,23.5233,19691333.3,13.9296,3.3139,0.6243,30
ne,5,25,12.1133,23.09,20262000.0,13.5109,2.9229,0.811,30
ne,5,26,11.94,24.2133,21955666.7,13.4846,2.9222,0.5403,30
ne,5,27,12.9567,24.64,21144000.0,13.9726,3.1585,0.7583,30
ne,5,28,13.06,24.9733,22359666.7,14.1554,3.0414,0.3627,30
ne,5,29,13.8067,25.9533,22831333.3,14.8842,2.925,0.182,30
ne,5,30,13.9833,25.6767,22600666.7,14.6935,3.0965,0.618,30
ne,5,31,12.9367,25.0633,23951333.3,13.8031,2.6166,0.2783,30
ne,6,1,14.3,25.8433,23414333.3,14.4997,2.8901,0.315,30
ne,6,2,13.6267,26.21,25683333.3,14.68,2.851,0.4127,30
ne,6,3,14.4567,26.4567,22749333.3,14.9878,2.9497,0.398,30
ne,6,4,15.2,26.0367,21722000.0,16.1708,2.7433,0.4977,30
ne,6,5,14.7367,27.0467,24526000.0,16.326,2.5481,0.3723,30
ne,6,6,15.4633,28.3267,26466666.7,16.1602,2.8393,0.1517,30
ne,6,7,15.8467,28.1767,24962333.3,16.2281,3.1463,0.3407,30
ne,6,8,15.9867,27.65,24012666.7,16.0312,3.3606,0.434,30
ne,6,9,15.5533,27.83,23441000.0,15.9762,3.378,0.4713,30
ne,6,10,16.02,27.93,23764666.7,17.424,3.0594,0.322,30
ne,6,11,16.7533,28.2,24014666.7,17.7294,2.9411,0.4733,30
ne,6,12,15.6033,27.42,24675333.3,16.8763,2.6228,0.508,30
ne,6,13,15.74,28.06,25028333.3,16.7102,2.9427,0.208,30
ne,6,14,16.4467,29.15,24551666.7,16.6714,3.2198,0.5533,30
ne,6,15,17.1067,29.29,24466666.7,16.9296,2.919,0.484,30
ne,6,16,16.9433,29.3233,25381333.3,17.4875,2.7964,0.4643,30
ne,6,17,17.9967,29.58,24376000.0,18.7192,3.0936,0.5837,30
ne,6,18,17.4567,29.87,23852000.0,18.4148,3.1673,0.4187,30
ne,6,19,17.4033,28.8933,24591666.7,17.9121,3.1101,0.258,30
ne,6,20,18.4067,29.66,23159333.3,19.1546,3.0996,0.5823,30
ne,6,21,18.0433,29.73,24133666.7,19.0672,3.1278,0.77,30
ne,6,22,18.1567,29.8467,25723333.3,18.8213,3.0117,0.1257,30
ne,6,23,17.48,29.76,25343000.0,18.6321,2.9456,0.394,30
ne,6,24,18.1,30.2467,25901333.3,19.5755,2.676,0.3113,30
ne,6,25,18.3533,29.8033,25090000.0,19.6124,2.9791,0.264,30
ne,6,26,18.13,29.5667,25859666.7,19.024,2.9025,0.072,30
ne,6,27,18.3567,29.98,25563000.0,18.8911,2.8034,0.2793,30
ne,6,28,17.8633,30.08,27318333.3,18.7076,2.8575,0.1103,30
ne,6,29,18.4833,30.5467,26352000.0,18.7669,2.8822,0.0963,30
ne,6,30,17.84,29.7633,25998333.3,18.4411,2.6018,0.1303,30
ne,7,1,17.3,29.7967,25829000.0,17.9862,2.7747,0.2203,30
ne,7,2,17.9533,29.68,23508000.0,19.2029,2.8283,0.5403,30
ne,7,3,18.6767,29.9433,23800666.7,20.4809,2.7421,0.1593,30
ne,7,4,19.03,30.1267,24669000.0,20.2821,2.8326,0.2373,30
ne,7,5,19.2733,30.42,24765000.0,20.3958,2.7723,0.313,30
ne,7,6,18.94,30.9333,24861000.0,20.1096,2.4935,0.3073,30
ne,7,7,18.9067,30.5033,23836666.7,20.1766,2.6118,0.3693,30
ne,7,8,18.92,30.3667,25578666.7,20.3204,2.6056,0.1763,30
ne,7,9,18.9167,31.0267,25552666.7,20.566,2.3425,0.2553,30
ne,7,10,19.4567,30.9167,24673000.0,21.0146,2.8304,0.1647,30
ne,7,11,19.1733,30.5033,24941666.7,21.2168,2.6796,0.2687,30
ne,7,12,18.7633,30.7733,24827000.0,20.4243,2.364,0.2023,30
ne,7,13,19.1433,31.18,26078666.7,20.8589,2.4129,0.043,30
ne,7,14,19.57,32.2467,25742333.3,20.9572,2.5546,0.0853,30
ne,7,15,19.0833,31.63,25848666.7,20.4403,2.4081,0.1793,30
ne,7,16,19.81,31.7533,24801333.3,21.402,2.5242,0.1347,30
ne,7,17,19.97,31.9133,25955333.3,21.4456,2.7385,0.182,30
ne,7,18,19.8667,31.5867,25252333.3,21.4152,2.5311,0.1903,30
ne,7,19,20.6267,32.2767,25433333.3,21.8216,2.6971,0.0573,30
ne,7,20,20.5233,31.9667,24290000.0,21.8379,2.6614,0.3223,30
ne,7,21,20.2267,31.6367,24502666.7,21.3806,2.4694,0.2127,30
ne,7,22,19.97,31.5267,24520000.0,21.3044,2.4576,0.2893,30
ne,7,23,18.9767,31.4067,26063000.0,20.905,2.4828,0.077,30
ne,7,24,19.57,31.7067,24924333.3,20.8481,2.7897,0.0523,30
ne,7,25,20.4,31.48,24044666.7,21.0509,2.7229,0.286,30
ne,7,26,19.38,30.8567,23674666.7,21.485,2.4169,0.1607,30
ne,7,27,19.1667,31.17,24035333.3,21.1753,2.5117,0.2117,30
ne,7,28,18.9633,30.4567,23649000.0,20.8075,2.3853,0.263,30
ne,7,29,18.3167,29.72,23335666.7,20.3412,2.1533,0.2233,30
ne,7,30,18.8133,29.7733,23022666.7,20.117,2.5972,0.1093,30
ne,7,31,18.6367,30.6133,23028333.3,20.5304,2.8173,0.146,30
ne,8,1,18.78,30.57,22957666.7,20.4304,2.5814,0.1077,30
ne,8,2,18.69,30.52,21689666.7,21.2461,2.4033,0.386,30
ne,8,3,19.3267,30.7933,22907666.7,21.0899,2.4845,0.0683,30
ne,8,4,19.0267,30.28,22407000.0,20.7367,2.7519,0.1763,30
ne,8,5,18.75,30.17,22598666.7,20.4472,2.4169,0.186,30
ne,8,6,19.02,30.11,21496000.0,20.6222,2.5285,0.205,30
ne,8,7,18.69,30.2533,22340000.0,21.1558,2.4354,0.3087,30
ne,8,8,18.4567,30.44,22429333.3,20.8362,2.3774,0.421,30
ne,8,9,18.67,30.54,22098000.0,20.8298,2.4856,0.295,30
ne,8,10,17.6433,29.3867,21789666.7,20.499,2.154,0.2043,30
ne,8,11,17.5333,29.0867,22151000.0,19.9571,2.4854,0.3173,30
ne,8,12,17.8867,29.58,21779333.3,19.4584,2.6011,0.321,30
ne,8,13,17.28,29.0633,22365333.3,18.5162,2.5613,0.1417,30
ne,8,14,16.8733,28.7933,21776333.3,18.4168,2.6233,0.1817,30
ne,8,15,17.2667,28.9333,21166333.3,19.005,2.7804,0.375,30
ne,8,16,17.6633,29.46,21132666.7,19.3716,2.6664,0.248,30
ne,8,17,16.6867,29.3967,21394666.7,19.212,2.3997,0.3483,30
ne,8,18,17.4033,28.8733,21460333.3,18.9735,2.6868,0.18,30
ne,8,19,16.6667,28.8733,20264333.3,18.8726,2.7703,0.4233,30
ne,8,20,17.17,28.89,21178666.7,19.2303,2.7881,0.1003,30
ne,8,21,17.2433,30.16,21955000.0,19.6889,2.7122,0.1033,30
ne,8,22,18.2767,30.0667,21448666.7,19.9334,2.8304,0.309,30
ne,8,23,18.2733,30.14,20849666.7,19.9071,2.9332,0.2863,30
ne,8,24,18.55,30.2767,20894666.7,19.6727,2.7847,0.264,30
ne,8,25,17.6367,30.2167,21417333.3,19.6799,2.5345,0.042,30
ne,8,26,18.19,29.6933,19908000.0,20.0419,2.6892,0.3627,30
ne,8,27,18.0533,30.1933,20455333.3,20.0572,2.5493,0.2363,30
ne,8,28,18.0533,30.1667,20332000.0,20.0734,2.6683,0.2353,30
ne,8,29,16.7,29.4867,20834000.0,18.0894,2.5527,0.082,30
ne,8,30,16.6433,29.13,21076000.0,17.847,2.6554,0.194,30
ne,8,31,16.9567,29.4433,20540333.3,18.3556,2.8996,0.1347,30
ne,9,1,16.8067,29.09,20601666.7,17.9685,2.8604,0.0903,30
ne,9,2,16.69,29.88,20474333.3,17.7034,3.0567,0.203,30
ne,9,3,16.1033,29.0467,20295333.3,17.0347,3.0483,0.3267,30
ne,9,4,15.62,29.3533,20705333.3,16.7096,2.9028,0.2383,30
ne,9,5,16.3767,29.4433,19938000.0,16.9531,3.2957,0.1583,30
ne,9,6,15.72,28.7633,20075666.7,16.6458,2.9607,0.1147,30
ne,9,7,15.1033,28.0267,19147333.3,15.9284,2.8597,0.1323,30
ne,9,8,13.4533,26.7267,19051666.7,14.8478,2.7945,0.1733,30
ne,9,9,14.01,26.78,17141000.0,14.8549,3.1226,0.3053,30
ne,9,10,14.0067,26.2467,17334333.3,14.6995,3.2061,0.4813,30
ne,9,11,14.0567,26.3133,17619666.7,14.5928,3.0668,0.432,30
ne,9,12,13.2533,26.2967,18724666.7,14.0919,2.9442,0.129,30
ne,9,13,12.88,26.6767,18687666.7,14.1038,2.9016,0.0913,30
ne,9,14,13.5167,25.4467,17147666.7,14.3131,3.0081,0.1657,30
ne,9,15,12.9467,25.55,17052666.7,14.357,2.9652,0.2077,30
ne,9,16,13.6833,26.2967,18143333.3,14.6454,3.1192,0.145,30
ne,9,17,13.3167,26.5367,17901333.3,14.5095,3.0713,0.0227,30
ne,9,18,14.2933,27.2433,16119666.7,15.2767,3.3316,0.2377,30
ne,9,19,13.56,26.81,17024333.3,15.016,3.3692,0.2153,30
ne,9,20,12.68,26.2467,18183666.7,13.5344,3.5069,0.143,30
ne,9,21,12.4567,25.2867,16418000.0,12.6864,3.4398,0.1043,30
ne,9,22,11.0267,23.3733,15686000.0,12.5307,3.0819,0.285,30
ne,9,23,11.6733,23.47,14870333.3,12.8551,3.4425,0.3427,30
ne,9,24,11.2667,23.6567,14767333.3,12.9508,2.8862,0.237,30
ne,9,25,9.9467,24.0433,16611000.0,12.2979,2.5632,0.2473,30
ne,9,26,9.8533,24.99,17979666.7,11.3038,2.7984,0.0403,30
ne,9,27,10.3267,25.1333,17283333.3,11.3467,2.8386,0.0337,30
ne,9,28,9.3267,24.3133,16922333.3,10.8342,2.9348,0.09,30
ne,9,29,10.1433,24.7533,16445333.3,11.073,3.0692,0.1373,30
ne,9,30,11.3867,24.8367,15756666.7,11.3674,3.2861,0.1537,30
ne,10,1,10.4033,23.89,14842333.3,11.0484,3.2018,0.1597,30
ne,10,2,9.08,22.1167,14254000.0,10.5106,3.3364,0.458,30
ne,10,3,9.18,22.2233,15088666.7,10.4179,3.1896,0.249,30
ne,10,4,8.4133,21.5167,13084000.0,10.189,3.3711,0.3513,30
ne,10,5,9.18,20.84,13736666.7,10.1648,3.4279,0.1753,30
ne,10,6,8.4367,19.69,13564666.7,10.0006,3.6702,0.234,30
ne,10,7,6.87,20.9233,14938666.7,9.6442,3.204,0.263,30
ne,10,8,8.1333,22.2933,14485333.3,9.9729,3.2191,0.2493,30
ne,10,9,7.5067,20.6133,13697000.0,10.0476,3.1101,0.2407,30
ne,10,10,6.6867,19.9167,13926333.3,9.5363,3.1489,0.2163,30
ne,10,11,8.1867,19.8567,13611666.7,10.0575,3.4578,0.1057,30
ne,10,12,7.1333,19.1533,12686666.7,9.4119,3.4487,0.2917,30
ne,10,13,5.8833,18.5567,13292333.3,8.221,3.5243,0.2477,30
ne,10,14,5.4067,18.1033,12258000.0,7.7817,3.2909,0.2543,30
ne,10,15,4.95,18.0067,13648333.3,7.9851,3.0081,0.128,30
ne,10,16,4.7533,18.0367,13096333.3,8.0031,2.8886,0.0607,30
ne,10,17,5.0667,19.0333,13453333.3,7.9288,3.1415,0.1233,30
ne,10,18,5.5167,18.6367,13204000.0,7.5416,3.5301,0.107,30
ne,10,19,5.4767,19.3,13516333.3,7.9746,3.1515,0.022,30
ne,10,20,5.66,19.1867,12372666.7,8.1777,2.8496,0.0573,30
ne,10,21,4.6133,18.1367,11175666.7,7.911,3.0761,0.1253,30
ne,10,22,4.7867,16.8467,9591000.0,8.1672,3.0912,0.5017,30
ne,10,23,4.43,16.5933,11688333.3,8.3005,3.2523,0.2837,30
ne,10,24,3.9567,15.74,10669000.0,7.8163,2.9952,0.0967,30
ne,10,25,3.2833,15.3,11271333.3,7.4371,3.1233,0.2263,30
ne,10,26,3.1433,14.3,11135666.7,7.3658,3.2121,0.1173,30
ne,10,27,2.4067,14.3833,11398666.7,6.9014,3.3972,0.17,30
ne,10,28,3.1567,15.2,11251333.3,7.1591,3.4566,0.047,30
ne,10,29,3.62,15.9967,10412000.0,7.5784,3.119,0.1637,30
ne,10,30,2.8633,14.36,10387000.0,6.9918,3.3924,0.1627,30
ne,10,31,1.2733,13.4133,10723000.0,6.4318,2.9018,0.0457,30
ne,11,1,1.5767,13.51,10651333.3,6.1669,3.0165,0.1047,30
ne,11,2,1.4733,13.5,10275000.0,6.0265,3.2911,0.1107,30
ne,11,3,1.9167,14.09,9957333.3,6.5244,3.0285,0.1533,30
ne,11,4,1.4467,13.9367,10364333.3,6.4935,2.6937,0.0793,30
ne,11,5,2.62,14.4267,9761666.7,6.8385,3.187,0.1377,30
ne,11,6,1.4933,13.8567,10297000.0,6.2514,3.0158,0.0717,30
ne,11,7,1.0233,13.3967,10296666.7,6.0627,2.9837,0.0687,30
ne,11,8,1.6733,13.5367,9622666.7,6.3433,3.1781,0.028,30
ne,11,9,1.1833,13.6867,9420000.0,6.5007,3.2076,0.1067,30
ne,11,10,-0.5833,11.9233,8587666.7,5.7929,3.271,0.1417,30
ne,11,11,-1.82,9.36,9453666.7,5.1159,3.2617,0.133,30
ne,11,12,-1.9667,8.92,9585666.7,5.0703,3.2325,0.0587,30
ne,11,13,-1.7467,10.46,9285666.7,5.199,3.1173,0.0353,30
ne,11,14,-0.23,10.87,9307666.7,5.6289,3.0213,0.0137,30
ne,11,15,-0.9,11.6233,8967666.7,5.6713,3.1501,0.124,30
ne,11,16,-0.88,11.8533,9498666.7,5.9422,3.1467,0.242,30
ne,11,17,-0.51,10.5767,8790000.0,5.9186,3.1709,0.1193,30
ne,11,18,-1.53,10.59,9308333.3,5.3946,3.2234,0.2583,30
ne,11,19,-0.58,10.6367,9027333.3,5.1425,3.4032,0.1353,30
ne,11,20,-1.68,10.0967,8688333.3,4.898,2.9111,0.0353,30
ne,11,21,-3.3533,8.9167,8540000.0,4.5362,3.0704,0.0117,30
ne,11,22,-2.89,9.6933,8479333.3,4.8752,2.5898,0.0333,30
ne,11,23,-2.5433,8.6867,7815666.7,5.0975,2.993,0.1233,30
ne,11,24,-2.7833,8.44,7707666.7,4.799,3.3309,0.1263,30
ne,11,25,-3.55,7.7533,8550000.0,4.4475,2.8874,0.0403,30
ne,11,26,-3.2167,7.6233,7620333.3,4.5664,3.0364,0.103,30
ne,11,27,-4.1767,7.13,8086666.7,4.4534,3.2262,0.1227,30
ne,11,28,-4.11,7.4067,7935000.0,4.3909,3.0083,0.1163,30
ne,11,29,-2.94,7.1067,7193000.0,4.539,3.1867,0.1077,30
ne,11,30,-4.5267,6.2433,8128000.0,4.1668,3.2361,0.0437,30
ne,12,1,-4.7367,6.5933,7467000.0,4.2753,3.1118,0.233,30
ne,12,2,-3.93,6.6733,7954000.0,4.4175,2.9008,0.029,30
ne,12,3,-4.6233,5.4733,7184000.0,4.3207,2.863,0.074,30
ne,12,4,-4.65,5.81,7641000.0,4.2612,2.9217,0.0193,30
ne,12,5,-5.5333,4.9167,7577666.7,3.849,3.3816,0.0183,30
ne,12,6,-6.41,3.8667,7968000.0,3.5187,2.8003,0.029,30
ne,12,7,-7.04,3.8933,7833000.0,3.6033,2.6114,0.014,30
ne,12,8,-6.4133,3.7033,6810333.3,3.785,2.6339,0.098,30
ne,12,9,-6.82,3.88,7912666.7,3.6625,3.193,0.076,30
ne,12,10,-7.4467,3.88,7541000.0,3.5227,3.1195,0.011,30
ne,12,11,-6.0433,3.2167,7277333.3,3.8239,3.1386,0.1187,30
ne,12,12,-6.3833,3.7767,7291333.3,3.9998,2.8302,0.037,30
ne,12,13,-5.5767,4.6367,7010666.7,4.1523,2.8592,0.087,30
ne,12,14,-5.4833,4.6,6616000.0,4.3472,2.8953,0.1663,30
ne,12,15,-5.3133,3.52,6734000.0,4.1856,3.2744,0.184,30
ne,12,16,-5.9633,3.4167,7442333.3,3.7669,3.3,0.0327,30
ne,12,17,-7.1533,3.1833,7317333.3,3.6056,2.7172,0.016,30
ne,12,18,-6.38,3.5667,8015333.3,3.7092,3.0984,0.0143,30
ne,12,19,-7.2633,3.22,7363000.0,3.5191,3.1479,0.0603,30
ne,12,20,-7.05,1.9267,7237333.3,3.4058,3.0687,0.0963,30
ne,12,21,-7.42,1.9967,6837000.0,3.6228,2.7986,0.0537,30
ne,12,22,-8.2733,2.0233,7262666.7,3.6341,3.1436,0.0643,30
ne,12,23,-7.8567,0.6867,6999000.0,3.4616,3.1367,0.099,30
ne,12,24,-8.9333,0.4433,7200666.7,3.4656,2.8996,0.151,30
ne,12,25,-7.7333,1.89,6705333.3,3.5843,3.0146,0.1443,30
ne,12,26,-7.29,2.3133,7114000.0,3.78,3.1168,0.098,30
ne,12,27,-7.2033,2.92,7242666.7,3.6912,3.1372,0.152,30
ne,12,28,-6.39,3.8967,7279333.3,3.7857,2.8829,0.0847,30
ne,12,29,-7.8033,2.2,6996000.0,3.5748,3.1123,0.141,30
ne,12,30,-6.7,2.98,7361333.3,3.7442,3.3618,0.1033,30
ne,12,31,-9.63,0.6067,7695666.7,3.1295,2.9581,0.1097,30
in,1,1,-5.0067,4.13,5839666.7,4.8574,3.175,0.1737,30
in,1,2,-4.0267,2.68,5815333.3,5.3001,3.51,0.292,30
in,1,3,-4.6633,3.0967,5842000.0,5.5764,3.0665,0.474,30
in,1,4,-4.8233,3.2533,6799000.0,5.0364,3.5794,0.231,30
in,1,5,-6.0733,1.1767,6495666.7,4.3595,3.3742,0.4333,30
in,1,6,-6.3067,0.5,6559666.7,4.3018,3.4094,0.152,30
in,1,7,-6.69,0.5333,7119000.0,4.2474,3.3,0.1537,30
in,1,8,-5.5567,1.1733,7028666.7,4.3176,3.3599,0.158,30
in,1,9,-5.0067,2.8567,7515000.0,4.3161,3.3857,0.2653,30
in,1,10,-5.5167,2.4667,6876000.0,4.4225,3.39,0.24,30
in,1,11,-3.8767,3.1033,5515000.0,5.1061,3.5562,0.5737,30
in,1,12,-2.9133,4.56,6031333.3,5.7817,3.4245,0.5127,30
in,1,13,-4.8767,2.6267,6879000.0,4.9652,3.6194,0.5063,30
in,1,14,-6.7833,0.3867,7512666.7,4.0202,3.0083,0.0977,30
in,1,15,-6.67,0.4167,7122666.7,3.9487,2.9758,0.1657,30
in,1,16,-6.79,0.6367,7223000.0,3.8868,3.1104,0.0643,30
in,1,17,-5.86,1.34,6721000.0,4.5633,3.3366,0.2287,30
in,1,18,-5.5,0.6267,7608000.0,4.2316,3.3349,0.237,30
in,1,19,-7.1333,1.1267,7947666.7,3.8798,3.4551,0.2423,30
in,1,20,-6.85,-0.01,7875666.7,3.8508,3.0325,0.197,30
in,1,21,-7.2533,0.1767,8726000.0,3.8265,2.9169,0.133,30
in,1,22,-6.0033,1.99,7009333.3,4.4414,3.3539,0.2987,30
in,1,23,-5.1467,1.9033,6992666.7,4.7082,3.3026,0.3103,30
in,1,24,-6.1933,0.89,7692000.0,4.1702,3.0804,0.1727,30
in,1,25,-6.7333,0.86,7558666.7,3.8184,3.0972,0.1863,30
in,1,26,-6.2267,1.5433,7666333.3,3.9196,3.1527,0.21,30
in,1,27,-6.3733,1.8933,7976333.3,3.9596,3.2782,0.125,30
in,1,28,-6.98,1.91,8677666.7,3.9052,3.3048,0.1837,30
in,1,29,-5.0633,1.75,7645000.0,4.4907,3.3567,0.1493,30
in,1,30,-7.2533,1.42,9026333.3,3.9251,3.1975,0.2767,30
in,1,31,-6.3533,0.9867,8815333.3,3.9528,3.2727,0.1737,30
in,2,1,-4.0,2.9133,8372333.3,4.6332,3.0483,0.3713,30
in,2,2,-5.7033,3.3033,9657000.0,4.3589,2.9823,0.2417,30
in,2,3,-6.3,2.34,10271333.3,4.2523,3.1432,0.182,30
in,2,4,-6.3867,2.3967,8119000.0,4.2402,3.5885,0.23,30
in,2,5,-7.2133,1.2133,10069333.3,3.7963,3.3534,0.2673,30
in,2,6,-6.22,2.11,10206333.3,4.0606,2.7249,0.2387,30
in,2,7,-4.41,3.0567,9527333.3,4.733,3.0136,0.283,30
in,2,8,-5.6133,3.1633,10105000.0,4.5265,2.8867,0.0853,30
in,2,9,-4.3433,3.3333,10796000.0,4.6446,3.1949,0.2297,30
in,2,10,-4.8167,2.9133,10004333.3,4.4669,3.38,0.1793,30
in,2,11,-5.6133,2.58,10337666.7,4.4122,3.2681,0.1967,30
in,2,12,-6.4467,2.5733,11337333.3,3.7562,3.2799,0.1447,30
in,2,13,-6.9633,1.6067,11678000.0,3.4618,3.0083,0.1617,30
in,2,14,-5.1167,2.9733,10535000.0,4.1479,3.192,0.1483,30
in,2,15,-4.2667,3.9033,10483666.7,4.4996,3.4494,0.1377,30
in,2,16,-4.08,3.4167,10319333.3,4.4817,3.242,0.2277,30
in,2,17,-5.0133,4.03,10797666.7,4.2288,3.237,0.3347,30
in,2,18,-4.6767,4.3267,12554666.7,4.2392,3.5366,0.1843,30
in,2,19,-4.44,5.0133,12827666.7,4.3716,3.5452,0.155,30
in,2,20,-2.32,6.66,10793333.3,5.412,3.107,0.2587,30
in,2,21,-1.4733,7.37,10436666.7,5.511,3.3,0.363,30
in,2,22,-0.86,6.5267,10133666.7,5.627,3.0649,0.39,30
in,2,23,-1.7767,6.64,12485666.7,5.4149,2.9231,0.1267,30
in,2,24,-2.1933,6.2367,11477666.7,5.1495,3.4243,0.3147,30
in,2,25,-2.47,6.3667,12931666.7,4.9323,3.6093,0.369,30
in,2,26,-2.6333,5.9867,12482666.7,5.0132,2.9981,0.3417,30
in,2,27,-1.2967,7.0867,11524000.0,5.8061,3.4305,0.4503,30
in,2,28,-3.16,7.1533,13003333.3,5.1844,3.0912,0.221,30
in,3,1,-1.0667,7.93,12024000.0,5.4397,3.3393,0.2807,30
in,3,2,-1.9067,6.1333,12831000.0,4.9742,3.2207,0.1773,30
in,3,3,-4.24,5.1333,13218000.0,4.4458,3.124,0.3003,30
in,3,4,-3.7333,6.3433,14511333.3,4.5212,2.8376,0.2133,30
in,3,5,-1.6467,7.9233,12079666.7,5.3488,3.2373,0.4137,30
in,3,6,-1.3167,7.9233,13856333.3,5.4749,3.4097,0.2023,30
in,3,7,-0.7,9.09,14326000.0,5.6071,3.3098,0.2577,30
in,3,8,0.4467,9.0167,13252333.3,5.7534,3.4595,0.2343,30
in,3,9,-0.6533,9.56,12773000.0,5.7597,3.4458,0.5163,30
in,3,10,-0.3533,9.1333,14280000.0,5.7303,3.4271,0.3307,30
in,3,11,-1.1233,9.5767,15105000.0,5.4926,3.0251,0.1677,30
in,3,12,-1.1633,9.0533,15112333.3,5.6307,3.0119,0.2853,30
in,3,13,0.1633,10.5367,14577333.3,6.0753,3.1319,0.3777,30
in,3,14,1.6967,11.83,14521000.0,6.8174,3.339,0.4037,30
in,3,15,0.79,12.0,15656000.0,6.3068,2.9705,0.1937,30
in,3,16,0.7067,11.85,15519000.0,6.2012,2.9684,0.1557,30
in,3,17,1.28,11.7967,15138000.0,6.2078,3.0646,0.1653,30
in,3,18,1.2233,11.3967,14079000.0,6.6388,2.9016,0.3987,30
in,3,19,1.56,11.5567,14315000.0,6.2994,3.266,0.4267,30
in,3,20,1.89,11.76,14866666.7,6.5493,3.3275,0.4047,30
in,3,21,1.18,11.8533,16918666.7,6.0209,3.2361,0.1093,30
in,3,22,0.7133,11.3867,16045000.0,5.9006,3.0251,0.201,30
in,3,23,1.7733,11.6567,15773000.0,6.5732,2.7337,0.409,30
in,3,24,2.5667,12.5267,15270333.3,6.7002,3.0649,0.2073,30
in,3,25,3.01,12.09,13744333.3,7.2916,3.7054,0.5117,30
in,3,26,1.5433,11.0833,16914666.7,6.503,3.2523,0.328,30
in,3,27,2.2233,12.84,16137000.0,6.7866,2.9554,0.2183,30
in,3,28,3.3967,12.98,14393333.3,7.6252,3.2875,0.4597,30
in,3,29,2.74,13.1967,15363333.3,7.0478,2.7986,0.359,30
in,3,30,3.4333,15.48,17513333.3,7.1133,3.1467,0.3047,30
in,3,31,4.9133,15.3733,14952666.7,8.0117,3.5169,0.317,30
in,4,1,3.2733,14.0833,17339333.3,7.0294,3.5734,0.3057,30
in,4,2,3.6867,15.25,18506000.0,6.9949,2.9942,0.229,30
in,4,3,5.4867,17.3367,16728333.3,8.0476,3.4267,0.419,30
in,4,4,4.2767,15.7433,15974333.3,7.8343,3.7264,0.2793,30
in,4,5,2.9733,14.0233,18520000.0,6.8744,3.1147,0.323,30
in,4,6,4.6733,15.1667,17722333.3,7.3787,3.4269,0.2417,30
in,4,7,5.6067,15.59,16966333.3,8.2295,3.3699,0.337,30
in,4,8,5.67,15.7967,17930333.3,8.6393,3.2365,0.524,30
in,4,9,4.2367,16.0033,18595666.7,8.0005,3.1841,0.4553,30
in,4,10,4.61,16.9133,18568000.0,7.6648,3.1697,0.279,30
in,4,11,6.98,18.4233,17430333.3,8.9909,3.3177,0.5517,30
in,4,12,6.7033,17.8867,19174000.0,8.3069,3.8828,0.296,30
in,4,13,6.33,16.7633,18734666.7,7.8942,3.3211,0.186,30
in,4,14,6.1333,18.2667,18757333.3,8.2553,3.0045,0.49,30
in,4,15,7.54,18.4167,18947666.7,8.9407,3.4097,0.3267,30
in,4,16,7.3833,18.75,18609000.0,9.1157,3.6855,0.372,30
in,4,17,6.2833,17.6133,18654333.3,8.6567,3.1309,0.316,30
in,4,18,6.85,19.2033,20481000.0,9.2112,2.7524,0.173,30
in,4,19,8.3067,19.74,18220666.7,9.4261,3.2567,0.3503,30
in,4,20,7.6533,18.3033,17366000.0,9.3776,3.2617,0.5923,30
in,4,21,7.0,17.4867,18485666.7,9.0403,3.0902,0.422,30
in,4,22,7.0333,17.43,19084000.0,8.5925,3.0368,0.3197,30
in,4,23,6.96,17.69,19271333.3,8.5248,3.2164,0.328,30
in,4,24,7.01,17.8733,19982333.3,8.3134,3.0256,0.251,30
in,4,25,8.66,18.3933,17822000.0,9.5019,3.3045,0.5737,30
in,4,26,6.97,18.8133,22268000.0,8.7832,3.3191,0.3777,30
in,4,27,7.0433,17.8067,19752000.0,8.1796,3.3393,0.2543,30
in,4,28,7.4233,17.9033,18050333.3,9.1447,3.2109,0.5863,30
in,4,29,8.5767,18.8267,17676333.3,9.835,2.9425,0.4693,30
in,4,30,9.5433,19.7667,18514333.3,10.745,3.3622,0.444,30
in,5,1,10.4267,20.37,17548000.0,11.4052,3.538,0.4737,30
in,5,2,10.78,20.0133,17735333.3,11.3496,3.2033,0.5677,30
in,5,3,10.1567,19.81,19271000.0,11.1209,2.6813,0.3647,30
in,5,4,10.1533,19.6633,19253000.0,10.768,2.6585,0.408,30
in,5,5,10.3233,20.8,19828333.3,11.2866,2.8568,0.3407,30
in,5,6,10.7833,21.7833,22154666.7,11.0906,2.7603,0.18,30
in,5,7,12.1867,22.1533,19477000.0,12.2335,2.977,0.371,30
in,5,8,11.3633,22.0433,19293000.0,12.3215,2.8407,0.489,30
in,5,9,12.6633,22.55,18158666.7,13.1294,3.2078,0.6513,30
in,5,10,12.0433,22.3633,21498000.0,12.7968,2.8891,0.4853,30
in,5,11,11.6933,22.2233,19024666.7,12.5033,3.1266,0.4607,30
in,5,12,10.9767,20.96,20326333.3,12.004,3.1822,0.3407,30
in,5,13,10.56,21.4033,20708666.7,11.6662,2.8132,0.31,30
in,5,14,11.5033,21.8467,19979000.0,12.1438,2.75,0.5087,30
in,5,15,11.64,21.55,19302333.3,12.0439,2.7893,0.37,30
in,5,16,12.4633,22.1467,20667666.7,12.9784,2.5941,0.296,30
in,5,17,13.0533,22.38,19554666.7,13.5635,2.7701,0.4947,30
in,5,18,12.9033,22.66,20500333.3,13.6808,2.9839,0.5503,30
in,5,19,12.87,23.6067,21041666.7,13.7825,2.6298,0.4177,30
in,5,20,13.0,22.97,21284333.3,13.6215,2.7759,0.1293,30
in,5,21,13.2833,22.9933,21779000.0,13.6517,2.8441,0.4533,30
in,5,22,12.74,23.5233,24285000.0,12.8461,2.5812,0.2217,30
in,5,23,12.9633,24.3467,23086333.3,13.0326,2.6504,0.2097,30
in,5,24,13.9233,24.65,22316333.3,14.249,2.6619,0.2397,30
in,5,25,14.7633,24.35,20260333.3,14.9261,2.9638,0.4927,30
in,5,26,14.4167,23.93,18833666.7,15.283,2.6226,0.551,30
in,5,27,14.7433,24.6033,20753666.7,15.6592,2.7093,0.4323,30
in,5,28,15.3567,25.0933,21299333.3,16.1256,2.7035,0.5107,30
in,5,29,15.09,25.55,23446333.3,15.6477,2.6707,0.2347,30
in,5,30,15.1633,25.8633,24069666.7,15.4175,2.4751,0.1877,30
in,5,31,16.0833,25.5233,23150666.7,16.3334,2.9698,0.435,30
in,6,1,15.74,24.8667,20847666.7,15.7781,2.6291,0.2787,30
in,6,2,15.7567,24.9133,21075666.7,15.9356,2.7711,0.3757,30
in,6,3,14.6867,24.6133,21331000.0,15.0164,2.3156,0.3003,30
in,6,4,15.1667,24.81,21994333.3,15.086,2.4538,0.3543,30
in,6,5,15.2867,25.6367,22351666.7,15.8218,2.5903,0.4017,30
in,6,6,15.23,25.5133,22784666.7,15.5414,2.5582,0.2707,30
in,6,7,16.04,26.1767,23445333.3,16.0503,2.7019,0.1357,30
in,6,8,16.49,26.37,22210000.0,16.4606,2.6109,0.3113,30
in,6,9,16.7167,26.9167,22390000.0,17.0115,2.5592,0.558,30
in,6,10,17.5433,26.7933,21917333.3,17.91,2.5786,0.438,30
in,6,11,18.0133,26.7067,20135333.3,18.6909,2.4854,0.7133,30
in,6,12,18.2167,26.99,22270333.3,18.8232,2.4993,0.4027,30
in,6,13,17.5733,27.0833,22952000.0,18.3689,2.4416,0.3957,30
in,6,14,17.1633,26.74,24840000.0,17.3515,2.4188,0.2363,30
in,6,15,16.9467,27.2633,24178000.0,17.0264,2.5508,0.366,30
in,6,16,17.9667,27.1967,22817333.3,17.9086,2.6667,0.374,30
in,6,17,18.11,28.05,24329666.7,18.3525,2.1837,0.2277,30
in,6,18,18.6367,28.2733,22983000.0,18.5614,2.4346,0.2933,30
in,6,19,18.49,27.9633,22940666.7,18.9956,2.2737,0.4393,30
in,6,20,18.2733,28.2433,24047000.0,18.8745,2.3003,0.1973,30
in,6,21,19.14,28.92,22800333.3,19.7266,2.3049,0.54,30
in,6,22,18.9867,27.8333,22874000.0,19.7965,2.3676,0.307,30
in,6,23,18.7367,27.72,22707666.7,18.9306,2.291,0.4277,30
in,6,24,18.73,27.7333,22257666.7,19.138,2.1557,0.3133,30
in,6,25,18.8167,28.1333,23937000.0,19.596,2.3525,0.3447,30
in,6,26,19.23,28.02,21932000.0,20.167,2.4607,0.5827,30
in,6,27,18.5267,27.68,23193666.7,19.6472,2.4287,0.5413,30
in,6,28,18.9,27.9067,24215666.7,19.4466,2.2711,0.248,30
in,6,29,18.94,27.88,22718000.0,19.7993,2.3401,0.3503,30
in,6,30,18.7067,27.4233,22748666.7,20.1432,2.1662,0.4367,30
in,7,1,18.4067,27.4467,23096333.3,19.688,2.1935,0.224,30
in,7,2,17.5633,27.6167,25055666.7,18.3862,2.2575,0.1953,30
in,7,3,18.5433,27.99,22910333.3,19.1213,2.269,0.2987,30
in,7,4,19.25,28.37,21948000.0,20.9029,2.161,0.307,30
in,7,5,19.2467,28.76,24636333.3,20.9169,2.0135,0.145,30
in,7,6,19.19,28.8267,24074666.7,20.6176,2.0058,0.2043,30
in,7,7,19.1133,28.65,23377666.7,20.383,2.1641,0.2497,30
in,7,8,19.1867,28.1733,22727000.0,20.5467,2.0688,0.3357,30
in,7,9,18.7833,28.1933,22463333.3,19.8444,2.2328,0.3657,30
in,7,10,18.6767,28.0433,23371000.0,19.8968,2.1837,0.417,30
in,7,11,18.3433,27.6233,23932666.7,18.837,2.3959,0.3103,30
in,7,12,18.6733,27.8067,24165333.3,19.6167,2.2558,0.3633,30
in,7,13,18.8967,28.2867,23775000.0,19.9423,2.0386,0.173,30
in,7,14,18.98,29.0167,24669333.3,20.5225,2.1176,0.1367,30
in,7,15,19.41,28.56,23295000.0,20.8949,2.2146,0.2813,30
in,7,16,19.5267,28.7533,23076666.7,21.2302,2.0032,0.282,30
in,7,17,19.98,29.0667,22896333.3,21.8021,1.9337,0.2963,30
in,7,18,19.7967,28.9533,22461666.7,22.2812,2.1804,0.2497,30
in,7,19,19.93,29.0467,23016666.7,22.289,2.0803,0.1903,30
in,7,20,19.6933,28.71,21924666.7,21.8654,2.0544,0.2447,30
in,7,21,19.8867,28.5967,21624333.3,22.2894,2.023,0.505,30
in,7,22,19.5767,28.25,20607000.0,22.0218,2.0127,0.6783,30
in,7,23,19.2467,28.1567,22558666.7,21.4549,2.0819,0.2937,30
in,7,24,18.6533,27.77,23748666.7,20.5963,2.1416,0.1353,30
in,7,25,18.38,28.0933,23067000.0,20.3872,1.8269,0.2743,30
in,7,26,19.1967,28.2633,21550000.0,20.8158,2.1768,0.1237,30
in,7,27,19.2467,28.2167,20683666.7,21.6717,2.1581,0.4747,30
in,7,28,19.4833,28.1167,21388333.3,21.738,2.2613,0.257,30
in,7,29,18.94,28.1067,22065666.7,21.1432,2.052,0.4327,30
in,7,30,18.6733,27.8333,21078000.0,20.5149,1.8006,0.223,30
in,7,31,18.5433,28.0033,22884333.3,20.3664,1.7822,0.185,30
in,8,1,18.54,28.3833,22733000.0,20.6034,1.8377,0.221,30
in,8,2,18.77,28.6367,23559333.3,20.3664,1.9785,0.1387,30
in,8,3,19.0567,29.14,22683333.3,20.7845,1.8985,0.2523,30
in,8,4,18.6733,28.3067,20452000.0,20.6944,1.9151,0.4183,30
in,8,5,18.6567,27.7433,20683666.7,20.6913,2.0463,0.3763,30
in,8,6,18.5267,27.4667,20406666.7,20.2897,2.0978,0.2017,30
in,8,7,18.29,27.75,21489333.3,20.2776,2.0106,0.307,30
in,8,8,18.96,28.5033,21348333.3,20.3749,2.126,0.176,30
in,8,9,18.9133,27.9733,20177666.7,20.6549,2.0204,0.3313,30
in,8,10,18.8233,28.0,21096333.3,20.7018,2.0934,0.2767,30
in,8,11,18.5867,27.4267,20441666.7,20.4553,1.9888,0.1507,30
in,8,12,17.7633,27.3667,21345000.0,19.3159,2.1638,0.0747,30
in,8,13,17.8233,27.49,20652000.0,19.4403,1.8966,0.2243,30
in,8,14,17.4933,26.5967,18472333.3,19.2564,1.906,0.2247,30
in,8,15,17.5567,26.9,20015000.0,19.5415,2.0602,0.2317,30
in,8,16,18.0567,27.6167,19859000.0,20.0227,2.212,0.311,30
in,8,17,18.24,27.46,19246333.3,20.2298,2.148,0.456,30
in,8,18,18.1667,27.0667,20045333.3,19.9442,1.9294,0.1583,30
in,8,19,17.7867,27.08,19058000.0,19.8443,2.0207,0.3197,30
in,8,20,17.6733,27.2033,20151666.7,19.773,2.2206,0.372,30
in,8,21,17.17,27.2267,20540333.3,19.4328,2.1097,0.476,30
in,8,22,17.5933,27.43,21059000.0,19.5805,2.0276,0.221,30
in,8,23,16.9467,27.7,20725000.0,18.9866,1.9297,0.2207,30
in,8,24,17.6933,28.04,20749000.0,19.3007,2.2594,0.1153,30
in,8,25,17.8433,27.7533,19847000.0,19.999,2.2201,0.248,30
in,8,26,18.16,27.6767,18628000.0,20.2976,2.0187,0.2463,30
in,8,27,18.8267,28.5367,19454333.3,21.1541,2.0362,0.2553,30
in,8,28,18.26,28.44,19743000.0,20.4384,2.0867,0.3767,30
in,8,29,18.6833,27.9933,18405000.0,20.4849,2.144,0.2287,30
in,8,30,17.3033,27.1833,19096000.0,18.9521,2.2663,0.353,30
in,8,31,16.9167,27.24,17881333.3,18.3622,2.2014,0.205,30
in,9,1,16.9433,27.1833,18227333.3,18.0892,2.2589,0.289,30
in,9,2,16.9233,27.4067,19153666.7,18.1717,2.1397,0.204,30
in,9,3,16.7767,27.9067,19891000.0,17.7122,2.0058,0.075,30
in,9,4,16.24,27.67,18461333.3,17.4074,2.0362,0.0837,30
in,9,5,15.7933,27.39,19535000.0,16.8372,2.2606,0.104,30
in,9,6,16.3233,27.3933,17913666.7,17.2134,2.4722,0.1547,30
in,9,7,16.54,26.5067,17295000.0,17.3484,2.5958,0.209,30
in,9,8,15.7133,25.3233,15820333.3,17.1041,2.3789,0.4397,30
in,9,9,15.3667,25.1133,15790333.3,17.1699,2.1672,0.4767,30
in,9,10,14.73,25.6867,17439666.7,16.5074,2.223,0.165,30
in,9,11,14.4233,26.1733,17507666.7,15.7608,2.2936,0.2487,30
in,9,12,14.7567,25.5167,16569333.3,15.4909,2.3329,0.1827,30
in,9,13,14.3867,25.7067,17245666.7,15.4109,2.4485,0.1137,30
in,9,14,13.99,25.2367,16686333.3,15.0624,2.3329,0.1023,30
in,9,15,12.9267,24.2733,16941000.0,14.1544,2.2323,0.087,30
in,9,16,13.4667,24.3333,16649666.7,14.5801,2.1658,0.1667,30
in,9,17,13.5333,24.96,16691666.7,14.6118,2.2903,0.1707,30
in,9,18,13.46,25.62,17326333.3,14.5801,2.1018,0.1387,30
in,9,19,14.1467,25.6567,16441666.7,15.413,2.4962,0.2553,30
in,9,20,14.2167,25.8333,15266333.3,15.964,2.4854,0.33,30
in,9,21,14.48,25.1067,16076333.3,15.6815,2.4617,0.264,30
in,9,22,12.6933,23.8733,15249666.7,13.8013,2.5086,0.4577,30
in,9,23,12.0933,23.6533,15972666.7,13.6687,2.2773,0.1943,30
in,9,24,12.4567,23.78,15369666.7,13.3326,2.5141,0.1887,30
in,9,25,12.6333,23.1433,13793000.0,13.6306,2.5551,0.325,30
in,9,26,12.39,23.2767,15261000.0,13.5301,2.6904,0.515,30
in,9,27,12.4267,23.28,14869666.7,13.3738,2.9693,0.5,30
in,9,28,11.8067,22.1967,13966333.3,13.3631,2.4378,0.1523,30
in,9,29,10.4267,22.27,14425333.3,12.3572,2.484,0.17,30
in,9,30,10.4733,22.14,15378000.0,12.054,2.7225,0.083,30
in,10,1,10.2,21.9967,15579000.0,11.9365,2.8041,0.066,30
in,10,2,11.47,22.12,13661333.3,12.767,2.8237,0.1753,30
in,10,3,11.4,21.7633,12438666.7,13.0992,2.959,0.4983,30
in,10,4,11.4267,21.2067,12579666.7,13.0125,2.8522,0.1567,30
in,10,5,10.15,21.84,12447666.7,12.6536,2.4409,0.638,30
in,10,6,10.9867,21.6967,13770333.3,12.718,2.7253,0.2277,30
in,10,7,9.4967,21.1267,14365666.7,11.2845,2.7435,0.306,30
in,10,8,8.92,20.0233,13036333.3,10.9378,2.4382,0.2073,30
in,10,9,9.56,21.1567,13324666.7,11.437,2.2548,0.2653,30
in,10,10,9.4133,20.75,13233000.0,11.3001,2.4224,0.0767,30
in,10,11,8.8633,21.0067,13165000.0,11.2168,2.6573,0.184,30
in,10,12,9.6067,20.14,12333000.0,11.0208,2.8285,0.195,30
in,10,13,9.1167,19.8133,11981333.3,11.006,3.0754,0.25,30
in,10,14,8.3333,18.5667,12229000.0,10.371,3.1398,0.4447,30
in,10,15,7.5967,17.5833,10873666.7,9.6158,3.0969,0.229,30
in,10,16,6.9667,16.5833,11561666.7,9.0369,3.1324,0.1827,30
in,10,17,6.2933,16.7,12334666.7,8.5698,3.0854,0.202,30
in,10,18,5.9567,17.0833,11374333.3,8.6113,3.0028,0.4077,30
in,10,19,6.0633,16.6333,11265000.0,8.6219,2.8367,0.3457,30
in,10,20,6.26,17.2767,11821666.7,8.6593,3.0945,0.4037,30
in,10,21,7.27,17.2367,11379666.7,8.9394,3.2241,0.1917,30
in,10,22,6.67,17.19,11261000.0,9.1502,2.8539,0.088,30
in,10,23,7.1033,16.9367,9886666.7,9.5283,3.3464,0.3707,30
in,10,24,7.22,15.7833,10046333.3,9.243,3.2796,0.288,30
in,10,25,6.3433,15.6833,9590666.7,8.9543,3.0737,0.209,30
in,10,26,6.9467,15.7567,8622333.3,9.0429,3.2964,0.3993,30
in,10,27,6.4833,14.0,8537333.3,9.0607,2.9916,0.325,30
in,10,28,4.97,14.4333,9616000.0,8.3914,2.9229,0.2567,30
in,10,29,4.85,14.7633,10281666.7,8.4637,3.0143,0.2387,30
in,10,30,6.34,15.76,9092000.0,8.9849,3.3855,0.302,30
in,10,31,6.9967,14.9033,8221333.3,9.1628,3.5109,0.349,30
in,11,1,4.7667,13.9833,9954666.7,8.2299,3.017,0.331,30
in,11,2,3.8767,14.3067,9766333.3,8.1828,3.1077,0.289,30
in,11,3,3.22,13.7233,10820666.7,7.1091,2.8666,0.1563,30
in,11,4,5.1233,13.7467,9169666.7,7.4879,3.1221,0.1223,30
in,11,5,4.8267,14.27,8899666.7,8.2223,2.943,0.1597,30
in,11,6,4.6,14.01,8713666.7,7.9687,3.2902,0.2667,30
in,11,7,3.7733,13.39,9886000.0,7.6024,2.777,0.315,30
in,11,8,3.3667,13.0867,9619000.0,7.2623,2.6439,0.051,30
in,11,9,3.62,13.7067,9001333.3,7.6979,3.1266,0.1983,30
in,11,10,4.4133,13.6067,9223333.3,7.6706,3.4755,0.2177,30
in,11,11,2.1467,12.2033,7866666.7,6.8519,3.4295,0.326,30
in,11,12,0.42,9.7167,9197000.0,5.8747,3.0184,0.204,30
in,11,13,0.7367,9.13,9339666.7,5.7517,3.1036,0.1387,30
in,11,14,0.9367,9.2833,8270000.0,6.3256,3.0057,0.235,30
in,11,15,1.4433,9.4433,7335333.3,6.4464,3.027,0.3903,30
in,11,16,1.07,9.3267,7154333.3,6.3966,3.119,0.2203,30
in,11,17,1.5833,9.07,7189333.3,7.0113,3.2578,0.2397,30
in,11,18,1.68,9.8,7057666.7,6.9352,3.2073,0.3513,30
in,11,19,1.62,10.07,7587333.3,6.5066,3.3891,0.191,30
in,11,20,1.3533,9.01,7792333.3,6.1356,3.1817,0.0403,30
in,11,21,0.89,8.7,6331333.3,6.3001,3.0055,0.286,30
in,11,22,0.1233,8.8233,7494333.3,6.2922,3.0764,0.2677,30
in,11,23,0.2433,9.2833,7408666.7,6.1343,3.0955,0.1947,30
in,11,24,-0.5867,8.8033,6973666.7,5.9816,3.1166,0.3877,30
in,11,25,0.9133,8.61,6353333.3,6.1489,3.4085,0.541,30
in,11,26,0.4,8.3533,6639666.7,6.0163,3.0835,0.1887,30
in,11,27,0.7667,7.81,6202333.3,6.3751,3.2986,0.3657,30
in,11,28,-0.4967,7.2967,7181666.7,5.7219,3.1989,0.21,30
in,11,29,0.1933,8.39,6765333.3,6.2422,3.2013,0.3173,30
in,11,30,1.0133,9.1967,5988000.0,6.7092,3.607,0.4913,30
in,12,1,-1.12,6.51,6647333.3,5.5074,3.4341,0.364,30
in,12,2,-0.9933,6.7533,6742666.7,5.4628,3.1053,0.1287,30
in,12,3,-0.48,6.8467,6336333.3,5.9959,3.1891,0.1087,30
in,12,4,-0.6,6.3167,5849000.0,5.9999,2.9966,0.1897,30
in,12,5,-2.2633,5.3033,6295666.7,5.5188,3.1982,0.3043,30
in,12,6,-3.0933,3.9967,6400333.3,5.0998,3.1985,0.192,30
in,12,7,-4.0867,3.3633,7306333.3,4.7623,2.7294,0.1283,30
in,12,8,-3.0933,3.66,6519000.0,4.7155,2.8403,0.074,30
in,12,9,-2.3933,5.04,5712666.7,5.4624,3.2974,0.2893,30
in,12,10,-3.0533,4.7333,6615000.0,5.1208,2.9988,0.1743,30
in,12,11,-2.3867,4.8667,6130666.7,5.1601,2.8518,0.2687,30
in,12,12,-3.26,4.7667,6392666.7,5.038,2.9868,0.2863,30
in,12,13,-2.6933,4.4433,5687333.3,5.1302,2.9245,0.1653,30
in,12,14,-1.54,5.4367,5656333.3,5.7792,3.1056,0.317,30
in,12,15,-2.1933,5.6167,5837000.0,5.5188,3.3239,0.2367,30
in,12,16,-2.0167,4.5233,5294666.7,5.4313,3.3196,0.3023,30
in,12,17,-3.3367,3.04,6082333.3,4.9664,2.744,0.2377,30
in,12,18,-4.7,2.36,6666000.0,4.5651,2.8834,0.1403,30
in,12,19,-4.9133,2.5833,6408666.7,4.556,3.0689,0.23,30
in,12,20,-4.5233,2.78,6411000.0,4.5604,2.9078,0.202,30
in,12,21,-3.94,4.0467,6223000.0,4.8566,3.2164,0.4103,30
in,12,22,-3.2933,3.44,5786666.7,5.1209,3.1013,0.286,30
in,12,23,-3.88,3.8267,5468333.3,5.1098,3.5481,0.3467,30
in,12,24,-4.4067,2.7833,5989666.7,4.8459,3.271,0.33,30
in,12,25,-5.27,1.5433,6416666.7,4.6988,3.1173,0.2433,30
in,12,26,-4.2267,2.81,6052666.7,4.9081,3.095,0.248,30
in,12,27,-3.3433,3.86,6281000.0,5.4326,2.9856,0.316,30
in,12,28,-3.1833,4.7467,6028666.7,5.3626,3.2887,0.2703,30
in,12,29,-2.5433,4.04,5796333.3,5.5403,3.028,0.321,30
in,12,30,-3.1433,3.5233,5808000.0,5.3101,3.0713,0.264,30
in,12,31,-2.2033,3.62,5483666.7,5.547,3.3187,0.37,30
sd,1,1,-13.52,-5.8833,6522333.3,2.4391,3.0143,0.0527,30
sd,1,2,-13.85,-3.4033,6558666.7,2.712,2.6018,0.019,30
sd,1,3,-12.44,-2.91,6347333.3,2.8102,3.3371,0.06,30
sd,1,4,-14.2433,-4.7967,6410666.7,2.6552,3.0553,0.1307,30
sd,1,5,-12.87,-3.7733,6409333.3,2.8413,3.3704,0.0353,30
sd,1,6,-12.8867,-4.32,6569666.7,2.8654,3.0043,0.063,30
sd,1,7,-12.89,-2.5,6977666.7,2.9194,2.7948,0.0123,30
sd,1,8,-11.5967,-2.2633,6556333.3,2.9842,2.8549,0.0417,30
sd,1,9,-11.49,-2.35,6764000.0,2.8978,3.3618,0.0373,30
sd,1,10,-11.5033,-2.5833,6844333.3,3.0121,3.2425,0.0603,30
sd,1,11,-12.2833,-2.6767,6554666.7,2.8892,2.9772,0.048,30
sd,1,12,-12.9033,-4.2867,6810666.7,2.6875,3.3366,0.0653,30
sd,1,13,-15.15,-4.83,6923666.7,2.5363,2.7342,0.053,30
sd,1,14,-12.84,-3.9767,6943333.3,2.7829,3.1372,0.106,30
sd,1,15,-13.7633,-3.9867,7454666.7,2.494,3.2995,0.0203,30
sd,1,16,-12.98,-3.0467,7244333.3,2.774,3.3072,0.0447,30
sd,1,17,-13.38,-2.72,7314000.0,2.6978,3.3242,0.1,30
sd,1,18,-13.4567,-2.18,7044666.7,2.6798,3.4494,0.1427,30
sd,1,19,-13.0267,-4.29,7559666.7,2.7551,3.0483,0.037,30
sd,1,20,-12.5067,-4.2633,7224666.7,2.829,2.772,0.0597,30
sd,1,21,-11.4933,-2.79,6481000.0,2.9431,3.232,0.0753,30
sd,1,22,-12.2433,-2.7767,7480666.7,2.7227,3.1317,0.0173,30
sd,1,23,-12.2933,-2.7867,7368000.0,2.8045,3.1271,0.057,30
sd,1,24,-12.03,-2.58,7647333.3,2.8928,3.1293,0.026,30
sd,1,25,-11.6433,-3.0933,7824333.3,2.88,3.2629,0.0973,30
sd,1,26,-11.6367,-1.4067,8259666.7,3.0489,3.2674,0.031,30
sd,1,27,-11.4867,-1.5233,8484000.0,3.0644,3.2775,0.0367,30
sd,1,28,-11.4333,-1.8333,7922333.3,3.1686,2.9993,0.057,30
sd,1,29,-12.1433,-2.69,8328666.7,2.9725,3.2332,0.0533,30
sd,1,30,-12.4667,-2.8367,8879000.0,3.0286,2.8474,0.098,30
sd,1,31,-10.4033,-1.2833,9129333.3,3.4336,3.0189,0.0533,30
sd,2,1,-11.3433,-1.31,9383333.3,3.1387,2.9585,0.0423,30
sd,2,2,-12.1833,-2.18,9098333.3,3.046,2.7574,0.0423,30
sd,2,3,-12.62,-2.5833,9023000.0,2.9553,3.1671,0.0557,30
sd,2,4,-12.4167,-2.9833,9734666.7,2.7486,3.1628,0.0593,30
sd,2,5,-10.1433,-1.61,9592333.3,3.0412,2.7857,0.0393,30
sd,2,6,-9.9167,-0.0533,9745666.7,3.2633,2.819,0.0333,30
sd,2,7,-10.6,-0.9467,9871000.0,3.0645,3.2133,0.0417,30
sd,2,8,-11.9933,-1.4533,10225666.7,2.9179,3.0103,0.0713,30
sd,2,9,-10.56,-1.4433,10166000.0,3.0902,3.4082,0.078,30
sd,2,10,-12.1567,-1.41,9994333.3,2.9409,3.3637,0.0863,30
sd,2,11,-11.12,-1.1767,10171000.0,2.8492,3.6182,0.054,30
sd,2,12,-13.3067,-2.21,11426666.7,2.5072,3.0354,0.0273,30
sd,2,13,-11.2433,-0.6067,10962000.0,2.8449,3.1077,0.0303,30
sd,2,14,-10.53,-0.38,10548666.7,3.1632,3.3469,0.0967,30
sd,2,15,-11.9433,-1.7933,11383000.0,2.9174,3.2689,0.0613,30
sd,2,16,-11.1667,-0.7967,11916666.7,2.8517,3.0895,0.027,30
sd,2,17,-9.33,0.55,11912666.7,3.3207,3.0991,0.0377,30
sd,2,18,-9.8067,1.44,11796000.0,3.3069,3.0074,0.007,30
sd,2,19,-9.71,1.7467,12100666.7,3.4154,2.9818,0.0273,30
sd,2,20,-7.8433,2.1533,11353666.7,3.8488,3.0931,0.1727,30
sd,2,21,-8.9,1.9067,12012333.3,3.4257,3.0476,0.05,30
sd,2,22,-9.0,1.2533,11867333.3,3.5402,3.0459,0.0983,30
sd,2,23,-8.6333,0.5433,12305666.7,3.5603,3.2866,0.1377,30
sd,2,24,-9.5433,0.6967,11592333.3,3.4159,3.0112,0.141,30
sd,2,25,-9.88,0.2333,13122000.0,3.3728,3.5631,0.138,30
sd,2,26,-9.8267,0.92,13032000.0,3.2294,3.4125,0.0773,30
sd,2,27,-11.08,0.28,13579000.0,3.0217,2.9552,0.0327,30
sd,2,28,-9.71,0.4833,12633000.0,3.242,3.2995,0.112,30
sd,3,1,-9.7767,0.02,13959333.3,3.4006,3.0146,0.138,30
sd,3,2,-10.6,0.21,14276000.0,3.0698,3.3503,0.038,30
sd,3,3,-9.0133,0.8067,14163333.3,3.3767,3.3496,0.0277,30
sd,3,4,-7.38,2.97,13958000.0,3.6678,3.3718,0.043,30
sd,3,5,-8.21,3.04,14586333.3,3.8562,3.2076,0.1343,30
sd,3,6,-7.3967,3.2633,14959333.3,3.9004,3.3632,0.079,30
sd,3,7,-7.16,2.4167,14072000.0,3.7529,3.4925,0.031,30
sd,3,8,-6.8233,3.02,14154333.3,4.0562,3.1882,0.0897,30
sd,3,9,-6.9233,2.9033,14564333.3,3.9153,3.1374,0.1933,30
sd,3,10,-6.9633,4.17,14372000.0,3.8483,3.174,0.111,30
sd,3,11,-6.1,5.5133,15986666.7,4.34,3.3194,0.1087,30
sd,3,12,-4.4967,7.17,14645000.0,4.65,3.4832,0.1467,30
sd,3,13,-4.6033,7.5467,15620666.7,4.9389,2.9973,0.1883,30
sd,3,14,-3.29,8.2,15887333.3,4.8379,3.4652,0.169,30
sd,3,15,-2.8733,7.6967,15540666.7,4.8616,3.2128,0.0917,30
sd,3,16,-3.5333,7.86,15884333.3,4.9235,3.0479,0.0407,30
sd,3,17,-2.8767,7.7333,15632666.7,4.9524,3.1355,0.0327,30
sd,3,18,-2.3533,7.51,15407666.7,5.1824,3.0862,0.0997,30
sd,3,19,-2.4767,9.0833,15968000.0,5.1794,3.2825,0.0503,30
sd,3,20,-2.4433,8.7,16779000.0,4.8452,3.3292,0.023,30
sd,3,21,-3.09,8.8167,16982000.0,4.7996,2.811,0.03,30
sd,3,22,-2.5467,8.43,15238000.0,5.0257,2.8134,0.1057,30
sd,3,23,-2.1,8.2433,14971333.3,5.4741,2.7866,0.157,30
sd,3,24,-2.0167,8.2833,14932666.7,5.4126,3.2413,0.176,30
sd,3,25,-2.7067,7.3933,15685000.0,5.0577,3.3318,0.117,30
sd,3,26,-3.7833,9.1,17097333.3,4.9839,3.1285,0.103,30
sd,3,27,-1.4633,10.14,16236666.7,5.6842,3.2725,0.2047,30
sd,3,28,-1.79,10.3567,16806333.3,5.51,3.1135,0.1263,30
sd,3,29,0.0,11.43,16636666.7,5.8509,3.4326,0.1257,30
sd,3,30,0.4933,11.98,15764000.0,5.8834,3.1973,0.175,30
sd,3,31,-0.4033,11.6967,15884666.7,5.7883,3.4365,0.364,30
sd,4,1,-0.77,11.63,18578333.3,5.5877,3.2224,0.1607,30
sd,4,2,-0.4667,12.5833,17902000.0,5.8312,3.1824,0.0893,30
sd,4,3,-1.4033,11.12,17401000.0,5.238,3.4487,0.1483,30
sd,4,4,-2.28,10.9967,18739333.3,5.0778,2.9937,0.0887,30
sd,4,5,0.9733,13.52,18514333.3,5.9963,3.311,0.119,30
sd,4,6,-0.0467,13.37,17752333.3,6.0391,3.7181,0.2157,30
sd,4,7,0.5667,11.5767,18222333.3,5.9619,3.8191,0.408,30
sd,4,8,-0.0167,12.1367,18044666.7,5.7927,3.1039,0.107,30
sd,4,9,0.0733,13.9233,18472666.7,5.7962,3.1975,0.1343,30
sd,4,10,1.1933,13.9067,16548000.0,5.9986,3.091,0.351,30
sd,4,11,0.68,13.37,18150666.7,6.0924,3.4597,0.5003,30
sd,4,12,2.33,14.16,19015666.7,6.4008,3.7947,0.218,30
sd,4,13,1.9333,15.5567,21027333.3,6.7606,3.3867,0.1553,30
sd,4,14,1.9267,15.5867,19376666.7,6.6542,3.6917,0.138,30
sd,4,15,3.59,14.4667,17940666.7,6.7505,4.0217,0.3473,30
sd,4,16,1.8867,12.9833,18298333.3,6.7993,3.516,0.298,30
sd,4,17,0.32,13.7333,21414333.3,6.2311,2.7335,0.1317,30
sd,4,18,3.6933,15.83,18608000.0,7.3874,3.4063,0.3577,30
sd,4,19,2.8833,13.9667,18379000.0,7.0419,3.2578,0.2763,30
sd,4,20,3.45,15.15,18634666.7,7.3186,3.21,0.1303,30
sd,4,21,3.0233,16.5033,19542000.0,7.5325,2.9913,0.2267,30
sd,4,22,2.0533,17.1733,21484666.7,6.8705,2.9873,0.3017,30
sd,4,23,3.7667,18.4933,22770666.7,7.2812,3.2871,0.22,30
sd,4,24,4.5867,18.34,19913333.3,7.8231,3.1506,0.1517,30
sd,4,25,4.1033,17.7833,19488666.7,7.2676,3.2365,0.2143,30
sd,4,26,3.6267,16.0433,18838000.0,7.3406,3.1999,0.281,30
sd,4,27,4.3967,16.92,19237666.7,7.5355,3.1992,0.3533,30
sd,4,28,4.5667,17.3,20284333.3,7.7854,2.9708,0.1953,30
sd,4,29,5.0633,18.1833,19516000.0,7.9776,3.3299,0.2187,30
sd,4,30,5.8367,17.5067,19365333.3,8.038,3.2789,0.273,30
sd,5,1,5.67,18.0067,21088000.0,7.8196,3.437,0.1183,30
sd,5,2,4.0933,17.88,21013333.3,7.5041,2.8247,0.1647,30
sd,5,3,5.0267,19.5933,23316000.0,7.7762,3.0273,0.074,30
sd,5,4,6.24,20.0633,20417666.7,8.2645,2.9284,0.2977,30
sd,5,5,7.5667,20.7533,20032666.7,9.2148,3.0754,0.3193,30
sd,5,6,8.9533,21.1367,17867333.3,10.2774,3.1688,0.415,30
sd,5,7,8.34,20.1833,19759333.3,9.8642,3.3366,0.274,30
sd,5,8,8.64,19.53,18426666.7,10.2106,3.2325,0.594,30
sd,5,9,7.5933,19.3433,19420000.0,10.091,3.0486,0.3477,30
sd,5,10,7.6033,19.74,20039333.3,9.6754,3.0186,0.4603,30
sd,5,11,7.18,19.38,19798333.3,9.1139,3.3448,0.3467,30
sd,5,12,6.7867,18.8067,20227000.0,9.2309,3.2454,0.5297,30
sd,5,13,7.7633,19.7367,21350000.0,9.2679,3.6601,0.2917,30
sd,5,14,8.6067,21.2933,22467666.7,10.1208,3.3946,0.091,30
sd,5,15,8.81,21.98,22939000.0,10.4204,2.6501,0.1193,30
sd,5,16,9.3267,23.2633,22719000.0,11.0657,2.6528,0.2803,30
sd,5,17,10.29,23.37,22786000.0,11.1978,3.2634,0.3293,30
sd,5,18,10.15,23.7967,24571666.7,11.2195,3.294,0.1463,30
sd,5,19,10.3967,23.0833,22283666.7,11.0712,3.3361,0.153,30
sd,5,20,9.9933,21.72,22777000.0,11.0525,3.0311,0.1877,30
sd,5,21,10.0833,22.0467,21152000.0,10.8061,3.4393,0.428,30
sd,5,22,11.71,23.3567,20243333.3,11.6997,3.5639,0.2827,30
sd,5,23,11.71,22.9633,19490333.3,12.2779,3.2454,0.4293,30
sd,5,24,11.3067,21.9067,18690000.0,12.0493,3.0835,0.6133,30
sd,5,25,11.39,22.4933,20413333.3,12.0458,3.187,0.2023,30
sd,5,26,10.28,23.23,21701666.7,11.7578,2.8395,0.1623,30
sd,5,27,11.97,23.0,20065333.3,12.4402,2.9909,0.4167,30
sd,5,28,12.4467,25.12,24119000.0,12.805,2.9576,0.1167,30
sd,5,29,12.8267,25.0667,21229000.0,13.4123,2.9514,0.371,30
sd,5,30,12.9133,25.2367,22154000.0,13.5862,2.7914,0.416,30
sd,5,31,12.1333,24.3567,21740000.0,12.3369,2.8309,0.3653,30
sd,6,1,12.4933,24.89,23115000.0,12.7475,2.903,0.1803,30
sd,6,2,13.23,25.6333,22419333.3,13.3252,3.0917,0.2067,30
sd,6,3,13.55,25.08,22168666.7,13.5153,2.8822,0.3157,30
sd,6,4,13.84,25.9333,22783000.0,14.3323,2.5005,0.219,30
sd,6,5,14.2033,26.3233,23094666.7,14.5392,2.473,0.4543,30
sd,6,6,14.8933,27.16,24076000.0,14.3999,3.1561,0.29,30
sd,6,7,14.62,27.5033,23474333.3,14.6452,2.8506,0.1037,30
sd,6,8,15.0333,27.2167,22618666.7,14.5995,3.1216,0.338,30
sd,6,9,15.22,26.75,22366333.3,14.8177,3.1714,0.5397,30
sd,6,10,14.8733,26.7,22196333.3,15.5698,2.9993,0.3473,30
sd,6,11,15.4567,26.5333,23610333.3,15.3315,2.9269,0.4943,30
sd,6,12,14.2667,26.4567,25134333.3,14.631,2.6221,0.3533,30
sd,6,13,14.96,27.3933,23262000.0,15.1791,2.8704,0.4297,30
sd,6,14,16.3167,27.4667,22811000.0,15.9315,3.1736,0.366,30
sd,6,15,16.2933,27.2767,25437666.7,15.7942,3.045,0.2157,30
sd,6,16,15.93,27.85,24328333.3,15.9661,2.8223,0.2603,30
sd,6,17,16.6267,28.2333,22887666.7,16.9057,2.9351,0.2897,30
sd,6,18,15.55,28.1033,25147000.0,16.0965,2.9957,0.3327,30
sd,6,19,16.0533,28.3167,25131333.3,16.1204,2.9317,0.2547,30
sd,6,20,16.8233,28.0133,23037000.0,16.5964,2.9959,0.6153,30
sd,6,21,16.7467,27.82,22298000.0,16.9401,3.0668,0.7397,30
sd,6,22,16.1033,28.3033,24054333.3,17.2873,2.6111,0.5327,30
sd,6,23,16.8367,28.76,24820333.3,17.5164,2.8407,0.3977,30
sd,6,24,16.92,29.2633,25230666.7,18.2745,2.7026,0.268,30
sd,6,25,17.35,28.72,24483000.0,18.1138,3.1338,0.4037,30
sd,6,26,17.1633,29.0167,24276333.3,17.7988,2.868,0.2413,30
sd,6,27,16.76,28.5,25748000.0,17.6901,2.739,0.406,30
sd,6,28,16.7967,28.48,26398333.3,17.3834,3.1585,0.223,30
sd,6,29,17.0867,29.7,26278666.7,17.4911,2.8486,0.0697,30
sd,6,30,17.4433,29.5067,25034333.3,17.666,2.7668,0.1417,30
sd,7,1,16.7267,29.4567,24627000.0,17.2892,2.7691,0.3983,30
sd,7,2,17.53,30.02,24718666.7,17.8687,2.8874,0.1597,30
sd,7,3,18.3733,30.3233,25196333.3,19.501,2.7098,0.0523,30
sd,7,4,18.62,30.57,24496666.7,19.7404,2.8297,0.4493,30
sd,7,5,18.4867,30.2367,23776000.0,19.4937,2.7785,0.3513,30
sd,7,6,18.07,29.7867,23992666.7,19.0358,2.5082,0.4947,30
sd,7,7,17.8133,29.6267,24027333.3,18.7284,2.5958,0.404,30
sd,7,8,18.4133,30.14,25796333.3,18.8906,2.7665,0.096,30
sd,7,9,18.0233,30.5567,25899333.3,19.1836,2.4478,0.3423,30
sd,7,10,18.5267,30.4433,25225666.7,19.5651,3.0957,0.1037,30
sd,7,11,18.72,30.37,25359666.7,19.7154,3.1472,0.176,30
sd,7,12,18.3433,30.7067,25531666.7,19.0467,2.8154,0.157,30
sd,7,13,18.3167,31.2233,26362666.7,19.3371,2.4799,0.0697,30
sd,7,14,18.7133,31.7633,25591000.0,19.7764,2.7263,0.2557,30
sd,7,15,18.9633,31.4133,25483666.7,19.5378,2.6102,0.0293,30
sd,7,16,18.9633,31.6467,25616000.0,19.5002,2.7519,0.2283,30
sd,7,17,18.9233,31.6033,26340666.7,20.1678,2.784,0.3157,30
sd,7,18,19.08,31.36,24771666.7,20.4756,2.8721,0.1117,30
sd,7,19,19.78,31.37,25455666.7,21.0929,2.7519,0.1467,30
sd,7,20,19.3833,31.2067,24495000.0,20.5668,2.6803,0.1823,30
sd,7,21,18.4167,30.9433,23889333.3,19.8188,2.3482,0.1113,30
sd,7,22,18.5533,31.0667,24886000.0,19.901,2.4176,0.0743,30
sd,7,23,18.1033,31.1567,24758666.7,19.4418,2.4607,0.1033,30
sd,7,24,18.9167,31.1067,24767333.3,19.7536,2.8767,0.243,30
sd,7,25,19.0567,31.1333,23205000.0,20.6002,2.7062,0.354,30
sd,7,26,18.4933,30.72,24374666.7,19.773,2.8288,0.2403,30
sd,7,27,18.22,30.47,24682000.0,19.1264,2.6827,0.2907,30
sd,7,28,17.7633,29.7167,23765333.3,18.5558,2.3607,0.44,30
sd,7,29,16.6533,29.72,23767333.3,17.7196,2.3255,0.0993,30
sd,7,30,17.6867,29.97,23418666.7,18.7642,2.3544,0.192,30
sd,7,31,18.1033,30.72,24017000.0,19.1998,2.6257,0.1637,30
sd,8,1,17.9633,30.27,23654666.7,19.4154,2.6631,0.1273,30
sd,8,2,17.2167,30.2333,23015666.7,19.0855,2.4234,0.391,30
sd,8,3,18.0233,30.04,22175666.7,19.8287,2.4155,0.1763,30
sd,8,4,17.6267,29.2167,21471333.3,19.1641,2.8652,0.3697,30
sd,8,5,17.5867,28.9333,21285666.7,19.1148,2.4461,0.345,30
sd,8,6,17.7233,28.9333,21075666.7,19.4445,2.5788,0.415,30
sd,8,7,17.3167,29.54,22704000.0,19.7648,2.3743,0.1743,30
sd,8,8,17.8967,29.8033,22926666.7,19.7633,2.6626,0.1307,30
sd,8,9,17.3767,29.7333,21745333.3,18.9743,2.5493,0.1937,30
sd,8,10,16.4067,28.8,22388666.7,18.1064,2.2606,0.1783,30
sd,8,11,17.0767,29.24,21470666.7,18.609,2.6109,0.1567,30
sd,8,12,17.6267,29.1333,21351666.7,19.2263,2.6624,0.2107,30
sd,8,13,16.25,28.61,21319666.7,18.0804,2.6988,0.4023,30
sd,8,14,16.2733,28.8867,21861666.7,17.463,2.8745,0.1263,30
sd,8,15,16.6767,28.9,21589666.7,17.8652,2.9729,0.3147,30
sd,8,16,16.2267,28.4967,20843666.7,18.0352,2.7337,0.2487,30
sd,8,17,15.78,28.3733,22645333.3,17.6688,2.6789,0.0897,30
sd,8,18,16.6033,28.4833,21107333.3,18.0016,3.1513,0.363,30
sd,8,19,15.8367,27.9167,20245666.7,17.7688,3.0151,0.4827,30
sd,8,20,15.94,27.9767,20129333.3,17.5476,3.1159,0.2077,30
sd,8,21,16.14,28.74,21452000.0,18.1211,2.8491,0.1207,30
sd,8,22,17.0133,29.7033,21795333.3,18.3259,2.9442,0.0307,30
sd,8,23,17.2167,30.0467,20390333.3,18.8046,3.0526,0.162,30
sd,8,24,17.5167,29.8767,21131000.0,19.2381,3.0713,0.1743,30
sd,8,25,17.0367,29.4167,20472333.3,18.6466,2.6164,0.121,30
sd,8,26,16.67,28.9667,20178666.7,18.2559,2.6049,0.4513,30
sd,8,27,16.6767,29.06,19442333.3,18.5503,2.6372,0.0963,30
sd,8,28,17.06,28.8333,19032333.3,18.9403,2.7921,0.2863,30
sd,8,29,15.5933,28.8233,20902333.3,17.3107,2.7225,0.1507,30
sd,8,30,15.62,28.85,20635666.7,16.5857,2.9894,0.0767,30
sd,8,31,16.31,28.8033,20248000.0,17.0659,3.356,0.1693,30
sd,9,1,16.2533,28.7633,19766333.3,17.3129,3.1891,0.1303,30
sd,9,2,15.61,28.3267,19114000.0,16.6241,3.2191,0.3733,30
sd,9,3,15.0233,28.36,19958333.3,16.1873,3.0459,0.0657,30
sd,9,4,15.1767,28.6033,18922333.3,16.4465,3.1281,0.1653,30
sd,9,5,15.73,28.3167,18912666.7,16.5238,3.3843,0.2117,30
sd,9,6,14.3533,28.01,19602333.3,15.7492,3.1003,0.204,30
sd,9,7,13.3733,26.4067,17980000.0,14.3817,3.0644,0.3617,30
sd,9,8,12.5733,25.16,18404000.0,13.6678,2.9858,0.277,30
sd,9,9,12.7733,25.4367,16710333.3,14.2766,3.2241,0.349,30
sd,9,10,12.67,25.9533,18288000.0,13.7303,3.0747,0.0573,30
sd,9,11,13.38,25.6133,16504333.3,13.6778,2.8716,0.2307,30
sd,9,12,12.1433,25.8033,17789000.0,13.3569,2.7304,0.1707,30
sd,9,13,11.8767,25.2733,16783333.3,13.0043,3.0421,0.1437,30
sd,9,14,11.58,24.3267,16543333.3,13.2626,2.9834,0.1637,30
sd,9,15,12.3933,25.4167,15997333.3,13.5576,3.051,0.3813,30
sd,9,16,12.6933,26.31,17024333.3,13.7965,3.1465,0.12,30
sd,9,17,12.6667,25.3367,16495666.7,13.4271,3.4393,0.0483,30
sd,9,18,12.9367,25.0867,15390666.7,13.7661,3.2863,0.1197,30
sd,9,19,12.86,25.1033,15739000.0,13.2956,3.4116,0.2863,30
sd,9,20,11.49,24.5833,15471666.7,12.4693,3.4305,0.3143,30
sd,9,21,10.4,22.97,14559666.7,11.6458,3.3879,0.139,30
sd,9,22,9.3733,21.55,14425000.0,11.0982,3.0445,0.2773,30
sd,9,23,10.37,22.08,13249333.3,11.8512,3.3158,0.5533,30
sd,9,24,9.5733,22.3167,14143666.7,12.0018,2.8309,0.4227,30
sd,9,25,9.0167,22.51,14652333.3,11.1972,2.6918,0.134,30
sd,9,26,9.3,23.8167,16406666.7,11.2389,2.8393,0.0917,30
sd,9,27,9.1867,23.34,15588666.7,10.9436,2.9454,0.0617,30
sd,9,28,8.2633,22.82,15352333.3,9.9966,2.9921,0.21,30
sd,9,29,9.23,23.2567,14867666.7,10.3591,3.3642,0.1067,30
sd,9,30,10.1733,23.6733,14381666.7,11.0629,3.3074,0.4183,30
sd,10,1,8.9667,22.0867,13364666.7,10.4538,3.1865,0.3773,30
sd,10,2,7.7367,20.8,13504000.0,9.6733,3.1977,0.174,30
sd,10,3,8.3767,20.0,11896000.0,9.5261,3.2308,0.083,30
sd,10,4,6.6633,18.15,11701666.7,8.9433,3.2368,0.4113,30
sd,10,5,8.3567,18.2833,11575333.3,9.4526,3.6347,0.4323,30
sd,10,6,7.3267,18.1167,11814333.3,9.1009,3.7655,0.2433,30
sd,10,7,5.51,19.5033,13912666.7,8.6658,2.8951,0.0297,30
sd,10,8,7.6067,20.4367,13158333.3,9.1494,3.1156,0.154,30
sd,10,9,6.1367,19.0933,12406333.3,9.0508,2.8635,0.1767,30
sd,10,10,5.1367,18.93,12831333.3,9.1014,3.2138,0.291,30
sd,10,11,6.7733,19.3433,12005666.7,9.2397,3.8021,0.1483,30
sd,10,12,6.1133,17.2333,11218000.0,8.4021,3.7444,0.239,30
sd,10,13,4.37,15.34,11875666.7,7.3423,3.4513,0.339,30
sd,10,14,4.0333,15.37,10719333.3,7.0392,3.4231,0.217,30
sd,10,15,3.1767,14.9533,11320666.7,7.0387,2.9899,0.2497,30
sd,10,16,3.5667,15.32,11331333.3,7.28,2.937,0.138,30
sd,10,17,3.74,16.3533,10939333.3,7.4613,3.1786,0.176,30
sd,10,18,4.79,16.32,11157666.7,7.5605,3.4774,0.1517,30
sd,10,19,4.1433,16.6167,11650666.7,7.41,3.0905,0.0327,30
sd,10,20,3.6767,16.33,10570666.7,7.6089,2.6966,0.1647,30
sd,10,21,4.3633,15.21,9925666.7,7.2588,3.1784,0.1677,30
sd,10,22,3.0233,14.1567,9471000.0,7.3319,2.9159,0.147,30
sd,10,23,2.8567,13.59,9968000.0,7.5165,2.8676,0.2853,30
sd,10,24,2.5933,13.0967,9265666.7,7.0673,2.904,0.0937,30
sd,10,25,2.3133,13.03,9939000.0,7.0387,3.0656,0.1077,30
sd,10,26,2.2367,12.3067,9599666.7,6.7793,3.1307,0.1113,30
sd,10,27,1.19,11.9133,8922000.0,6.5125,3.4834,0.1643,30
sd,10,28,1.5633,12.8667,9785000.0,6.54,3.3946,0.0583,30
sd,10,29,2.32,12.41,7978666.7,7.1446,2.8893,0.2157,30
sd,10,30,1.5867,11.0567,8686000.0,6.5522,3.2883,0.1893,30
sd,10,31,-0.4,11.3433,10224000.0,5.7589,2.9715,0.0183,30
sd,11,1,0.77,11.5133,9079666.7,5.7861,3.2133,0.0887,30
sd,11,2,0.08,11.8133,9452666.7,5.6485,2.9856,0.0127,30
sd,11,3,0.2167,11.4833,8313000.0,5.8558,2.9217,0.0793,30
sd,11,4,-0.4467,11.6467,9170666.7,5.9904,2.5443,0.067,30
sd,11,5,0.7067,11.6033,7984666.7,6.2743,2.7926,0.089,30
sd,11,6,-0.21,10.95,9029000.0,5.8064,3.0728,0.0683,30
sd,11,7,-0.93,10.7567,8483333.3,5.5681,2.953,0.1083,30
sd,11,8,-0.1967,10.25,8127666.7,5.6753,3.0562,0.024,30
sd,11,9,-0.93,9.6433,7762333.3,5.5467,3.0323,0.1267,30
sd,11,10,-2.2933,7.25,6928333.3,5.1909,3.2088,0.249,30
sd,11,11,-3.7367,6.2667,8497000.0,4.5079,3.0962,0.0427,30
sd,11,12,-3.4067,6.1267,8102000.0,4.5939,3.226,0.0737,30
sd,11,13,-3.0233,8.46,7861666.7,5.0213,3.0629,0.0733,30
sd,11,14,-1.9867,8.1133,7644333.3,5.2728,2.9164,0.0463,30
sd,11,15,-2.8967,7.6033,7578666.7,5.1314,2.8592,0.0977,30
sd,11,16,-2.88,7.51,7400333.3,5.223,3.2155,0.0463,30
sd,11,17,-3.4533,6.2367,7235666.7,5.045,3.2004,0.071,30
sd,11,18,-4.02,7.0667,7672666.7,4.8635,3.101,0.092,30
sd,11,19,-2.6933,6.9567,7587000.0,4.7937,3.5229,0.153,30
sd,11,20,-4.25,5.7333,6988333.3,4.3833,2.9262,0.0437,30
sd,11,21,-5.3767,4.9,6985333.3,4.0707,3.0543,0.0197,30
sd,11,22,-5.2667,5.8033,7086666.7,4.3407,2.5125,0.0417,30
sd,11,23,-4.64,5.5333,6847333.3,4.4294,2.8767,0.0457,30
sd,11,24,-5.1633,4.85,6792000.0,4.2639,3.2365,0.08,30
sd,11,25,-5.8667,3.6667,6922666.7,3.9762,2.824,0.0033,30
sd,11,26,-6.5033,3.1067,6681000.0,3.9204,2.7668,0.098,30
sd,11,27,-7.21,2.73,6770333.3,3.7892,2.9001,0.1027,30
sd,11,28,-6.3533,3.62,6444000.0,3.9148,2.8664,0.2343,30
sd,11,29,-5.7433,3.09,6171000.0,3.9816,3.2037,0.0473,30
sd,11,30,-6.36,2.2033,6279333.3,3.9131,3.1549,0.157,30
sd,12,1,-6.2133,2.73,6140666.7,3.9542,2.9471,0.118,30
sd,12,2,-6.5467,2.3767,5967666.7,3.924,2.9471,0.045,30
sd,12,3,-7.0667,1.8933,6174333.3,3.7884,2.9652,0.0397,30
sd,12,4,-6.7967,1.7967,6065333.3,3.7806,3.045,0.067,30
sd,12,5,-8.8133,0.4233,5904333.3,3.328,3.1985,0.0377,30
sd,12,6,-9.3833,0.1,6606000.0,3.2098,2.8561,0.0117,30
sd,12,7,-8.97,0.0633,6506333.3,3.3417,2.6916,0.0297,30
sd,12,8,-8.8733,-0.01,5487000.0,3.4226,2.8616,0.0583,30
sd,12,9,-9.3767,-0.0167,6344000.0,3.3231,3.1554,0.0763,30
sd,12,10,-9.6833,0.4,6030333.3,3.3898,2.8977,0.031,30
sd,12,11,-9.3,-0.12,5952666.7,3.4674,2.9614,0.0703,30
sd,12,12,-9.66,-0.7467,6043000.0,3.4094,2.6602,0.0067,30
sd,12,13,-7.9533,0.4833,5673000.0,3.6716,2.9207,0.1163,30
sd,12,14,-7.9033,1.3667,5383000.0,3.8346,3.1582,0.1103,30
sd,12,15,-7.9833,-0.2367,5189333.3,3.7859,3.3515,0.1037,30
sd,12,16,-8.4567,-0.6967,5642666.7,3.4818,3.3407,0.0903,30
sd,12,17,-10.0733,-1.3,5984000.0,3.2378,2.8551,0.0397,30
sd,12,18,-10.84,-1.6333,6042333.3,3.1801,3.0514,0.0463,30
sd,12,19,-12.2833,-1.6533,5778666.7,2.8405,3.0881,0.033,30
sd,12,20,-10.48,-1.9733,5862666.7,3.0125,3.1614,0.0503,30
sd,12,21,-10.8133,-2.4633,5525333.3,2.9411,3.3199,0.0483,30
sd,12,22,-11.06,-2.8133,5946333.3,3.0391,2.8793,0.0597,30
sd,12,23,-10.3933,-2.81,5935000.0,3.1054,3.3151,0.106,30
sd,12,24,-12.0533,-3.2967,5844666.7,2.9626,2.9432,0.0913,30
sd,12,25,-10.3633,-2.1667,5468000.0,3.2045,2.9348,0.176,30
sd,12,26,-9.8767,-1.4367,5737666.7,3.313,3.1827,0.1843,30
sd,12,27,-9.6033,-1.01,5661000.0,3.4248,3.0919,0.059,30
sd,12,28,-8.8567,-0.3267,5700333.3,3.5174,2.9636,0.0733,30
sd,12,29,-10.41,-2.3,5783000.0,3.1619,3.0261,0.1237,30
sd,12,30,-10.88,-3.0867,5545666.7,3.1836,3.1764,0.214,30
sd,12,31,-14.29,-4.8933,6140666.7,2.5026,3.1635,0.086,30
oh,1,1,-4.0533,4.3467,5520333.3,5.2397,3.1772,0.2457,30
oh,1,2,-3.3867,3.0967,5512000.0,5.2093,3.4717,0.2507,30
oh,1,3,-3.3233,3.0033,5669666.7,5.8275,3.1858,0.663,30
oh,1,4,-3.7267,3.82,6116666.7,5.3211,3.4678,0.297,30
oh,1,5,-5.13,1.5167,6251000.0,4.5414,3.3292,0.41,30
oh,1,6,-5.6233,1.1833,6026666.7,4.4138,3.3397,0.287,30
oh,1,7,-6.2733,0.4033,6660333.3,4.2698,3.3414,0.2293,30
oh,1,8,-5.7533,1.2433,6841000.0,4.2959,3.3757,0.1967,30
oh,1,9,-4.88,2.8833,6993666.7,4.4557,3.4992,0.2617,30
oh,1,10,-5.6367,2.06,6470333.3,4.3922,3.4848,0.243,30
oh,1,11,-4.0167,2.8733,5502333.3,4.9652,3.6829,0.319,30
oh,1,12,-2.7833,4.9567,5694666.7,5.9733,3.4434,0.4543,30
oh,1,13,-4.3333,3.34,6706666.7,5.2671,3.7537,0.3943,30
oh,1,14,-6.49,0.7667,7491666.7,4.0981,3.0325,0.1567,30
oh,1,15,-6.69,0.9367,6734666.7,4.0383,2.9566,0.1743,30
oh,1,16,-7.18,0.58,7016000.0,3.7894,3.1592,0.083,30
oh,1,17,-6.1567,1.11,6618000.0,4.5037,3.3201,0.228,30
oh,1,18,-5.41,1.0,7284000.0,4.1963,3.5217,0.1867,30
oh,1,19,-6.31,1.26,7577333.3,3.9343,3.526,0.2673,30
oh,1,20,-6.5067,-0.26,7766333.3,3.7856,3.1716,0.2183,30
oh,1,21,-7.5,-0.4267,8505000.0,3.6634,2.9516,0.154,30
oh,1,22,-6.5133,1.3133,7378333.3,4.2182,3.2227,0.2353,30
oh,1,23,-4.36,1.75,6671666.7,4.752,3.5172,0.3827,30
oh,1,24,-6.2467,1.1233,6368333.3,4.3113,3.2428,0.272,30
oh,1,25,-6.6533,0.3567,7571333.3,4.0296,3.0069,0.15,30
oh,1,26,-5.97,1.29,7459666.7,4.0087,3.2792,0.2183,30
oh,1,27,-6.73,1.21,7961000.0,3.949,3.3972,0.195,30
oh,1,28,-6.98,1.5167,8836666.7,3.9799,3.2837,0.2063,30
oh,1,29,-5.0433,1.7033,7414666.7,4.4465,3.3378,0.1443,30
oh,1,30,-6.6733,1.2,8886333.3,4.0748,3.1997,0.219,30
oh,1,31,-6.76,1.3867,9140333.3,3.7733,3.238,0.1547,30
oh,2,1,-4.1767,2.8333,7929666.7,4.5528,3.0854,0.256,30
oh,2,2,-5.22,3.1267,9075333.3,4.3331,3.0186,0.1993,30
oh,2,3,-5.9533,1.96,9860000.0,4.2176,3.0565,0.2523,30
oh,2,4,-5.8433,2.1633,8053333.3,4.2752,3.4757,0.2947,30
oh,2,5,-6.7633,0.9867,9370000.0,3.9464,3.4087,0.3,30
oh,2,6,-6.4667,2.0567,9902333.3,4.0892,2.8647,0.315,30
oh,2,7,-4.2,2.48,8776333.3,4.5725,2.9078,0.2463,30
oh,2,8,-5.7567,3.3067,9852333.3,4.4192,2.9023,0.1123,30
oh,2,9,-4.4767,3.6467,10270666.7,4.5377,3.1726,0.1927,30
oh,2,10,-4.7633,3.25,9030000.0,4.482,3.4324,0.1933,30
oh,2,11,-5.5,2.69,10272666.7,4.345,3.2954,0.14,30
oh,2,12,-5.83,2.3133,11112333.3,3.9143,3.4269,0.229,30
oh,2,13,-6.55,1.0633,11370333.3,3.4208,3.1611,0.1607,30
oh,2,14,-5.3833,2.4233,10268333.3,4.1013,3.214,0.201,30
oh,2,15,-4.7467,3.9367,10194000.0,4.4058,3.3984,0.1293,30
oh,2,16,-3.97,3.2367,9785666.7,4.4403,3.2011,0.3233,30
oh,2,17,-5.4567,3.7133,10741000.0,4.2027,3.2741,0.2843,30
oh,2,18,-4.01,3.82,12013000.0,4.2876,3.5449,0.2357,30
oh,2,19,-4.5,5.0367,12435000.0,4.2379,3.6886,0.0813,30
oh,2,20,-2.73,5.3433,10688666.7,5.0022,3.1977,0.204,30
oh,2,21,-2.54,7.19,10481666.7,5.2877,3.3745,0.242,30
oh,2,22,-1.22,5.8233,8826666.7,5.3372,3.0864,0.4177,30
oh,2,23,-1.9333,6.7567,12121333.3,5.4945,2.9384,0.1297,30
oh,2,24,-2.8367,5.88,11582333.3,5.0636,3.2392,0.299,30
oh,2,25,-2.9433,5.8533,12906333.3,4.868,3.5706,0.394,30
oh,2,26,-2.92,4.9833,11918333.3,4.7581,2.9123,0.242,30
oh,2,27,-1.8633,6.9433,10951333.3,5.5149,3.5093,0.3777,30
oh,2,28,-3.5333,6.6933,13137333.3,5.1976,2.9897,0.2063,30
oh,3,1,-1.4467,7.5933,11455666.7,5.3442,3.3335,0.3363,30
oh,3,2,-2.1667,5.6367,11916333.3,4.9288,3.4872,0.2567,30
oh,3,3,-4.02,4.7,12892666.7,4.5193,3.0996,0.24,30
oh,3,4,-4.0867,5.4633,13799666.7,4.3902,2.7143,0.2447,30
oh,3,5,-2.4167,7.2733,12490333.3,5.0771,3.0955,0.338,30
oh,3,6,-1.22,7.7967,13145333.3,5.4568,3.3931,0.273,30
oh,3,7,-1.13,8.69,14233333.3,5.5264,3.3151,0.2753,30
oh,3,8,-0.6433,9.37,13285666.7,5.4807,3.3191,0.339,30
oh,3,9,-0.9833,9.35,13350666.7,5.5961,3.4906,0.4457,30
oh,3,10,-0.6733,8.7067,13356333.3,5.6345,3.3761,0.4037,30
oh,3,11,-0.6033,8.6967,14238000.0,5.4153,3.0977,0.223,30
oh,3,12,-1.1633,8.5567,14858666.7,5.395,2.9669,0.2237,30
oh,3,13,-0.4533,9.7867,14084333.3,5.767,3.0553,0.3297,30
oh,3,14,1.2867,11.42,13749333.3,6.4364,3.4075,0.32,30
oh,3,15,0.8467,11.0633,14515333.3,6.1942,3.1977,0.206,30
oh,3,16,0.0933,10.8,15062333.3,5.9361,2.9047,0.1687,30
oh,3,17,0.0533,10.5133,14989000.0,5.8265,2.9145,0.1353,30
oh,3,18,0.68,10.87,14151000.0,6.3084,2.9238,0.3737,30
oh,3,19,1.18,10.4833,13955000.0,6.3293,3.2133,0.4413,30
oh,3,20,1.3267,11.2067,14936666.7,6.3983,3.4439,0.3647,30
oh,3,21,1.0167,10.8467,14920000.0,6.055,3.1772,0.1813,30
oh,3,22,0.3433,10.16,15538000.0,5.6178,3.1575,0.14,30
oh,3,23,0.4767,10.5533,15370000.0,5.9348,2.8015,0.3667,30
oh,3,24,1.3233,11.97,16050333.3,6.2036,2.8544,0.132,30
oh,3,25,2.6,11.9967,13018333.3,6.9815,3.4063,0.405,30
oh,3,26,1.41,10.5267,16463666.7,6.4322,3.3397,0.32,30
oh,3,27,1.7167,12.14,16088333.3,6.5197,2.8252,0.1957,30
oh,3,28,3.1067,12.7,13470666.7,7.3981,3.2306,0.4893,30
oh,3,29,2.4867,13.1533,16070666.7,7.1295,2.8474,0.3357,30
oh,3,30,2.51,14.4667,17131000.0,6.5968,3.1211,0.3343,30
oh,3,31,4.3567,14.5233,14660000.0,7.4992,3.2428,0.368,30
oh,4,1,3.36,13.9233,16543333.3,7.1885,3.6232,0.3573,30
oh,4,2,3.15,13.82,17350333.3,6.9011,2.8867,0.432,30
oh,4,3,4.35,16.5567,16385333.3,7.7065,3.3438,0.417,30
oh,4,4,3.6967,15.2033,16075333.3,7.7356,3.6211,0.3733,30
oh,4,5,2.4633,13.24,18616000.0,6.593,3.2033,0.1497,30
oh,4,6,3.7833,15.2367,17536333.3,7.1287,3.1968,0.23,30
oh,4,7,5.1367,15.3133,17261333.3,7.8718,3.1441,0.425,30
oh,4,8,5.29,15.4133,17260333.3,8.2119,3.2274,0.4197,30
oh,4,9,4.1967,14.6767,17376666.7,8.1807,3.0981,0.5213,30
oh,4,10,3.9633,15.4967,18804000.0,7.3368,2.9652,0.232,30
oh,4,11,6.2967,18.12,17160000.0,8.6311,3.1001,0.5737,30
oh,4,12,6.9967,17.4033,18921000.0,8.1428,3.7295,0.3637,30
oh,4,13,6.3033,16.3333,19059666.7,7.8177,3.3883,0.2273,30
oh,4,14,5.7067,17.3233,18250666.7,8.0305,2.8664,0.4253,30
oh,4,15,6.4267,18.46,18688333.3,8.6602,3.1805,0.3943,30
oh,4,16,7.6067,18.2933,18547000.0,8.9598,3.5643,0.3597,30
oh,4,17,5.9933,16.77,18806333.3,8.2943,3.1513,0.38,30
oh,4,18,6.47,18.51,20602000.0,8.7345,2.7603,0.118,30
oh,4,19,7.7733,19.23,18319000.0,9.2569,3.1542,0.3767,30
oh,4,20,6.84,18.2167,18290000.0,9.1976,3.1348,0.4917,30
oh,4,21,6.7967,17.0767,17324000.0,8.6636,3.102,0.376,30
oh,4,22,6.5733,16.6567,17932666.7,8.6858,2.903,0.272,30
oh,4,23,6.23,16.8833,19346333.3,8.4249,3.1664,0.4763,30
oh,4,24,5.7733,17.2833,19978333.3,7.9475,3.055,0.2783,30
oh,4,25,7.5333,17.8133,17287666.7,8.8749,3.0732,0.4397,30
oh,4,26,6.2767,18.2067,20346000.0,8.9212,3.1029,0.5197,30
oh,4,27,6.3633,17.2633,20903666.7,7.8627,3.1376,0.1563,30
oh,4,28,6.5367,17.36,18036333.3,8.4749,3.0234,0.4407,30
oh,4,29,7.5167,18.4333,18492666.7,9.354,2.7711,0.572,30
oh,4,30,8.6333,19.3333,18286666.7,9.8703,2.9435,0.3623,30
oh,5,1,10.3467,20.8333,18738666.7,11.3041,3.4298,0.443,30
oh,5,2,10.0833,19.8867,17457666.7,11.1469,3.2147,0.603,30
oh,5,3,10.2867,19.5633,18761000.0,11.195,2.7634,0.5273,30
oh,5,4,9.7133,19.5,19856333.3,10.782,2.5082,0.2153,30
oh,5,5,9.59,19.7767,19304000.0,10.7735,2.682,0.382,30
oh,5,6,9.9233,20.8167,22204666.7,10.6899,2.6614,0.199,30
oh,5,7,10.7967,21.64,20549000.0,11.4439,2.8154,0.2367,30
oh,5,8,10.3767,21.5667,19786333.3,11.7022,2.6545,0.448,30
oh,5,9,11.53,21.5567,19412000.0,12.1087,3.0541,0.475,30
oh,5,10,11.45,21.4567,21361333.3,12.1754,3.0091,0.3737,30
oh,5,11,10.3467,21.3233,19527000.0,11.7206,2.885,0.4413,30
oh,5,12,10.39,20.34,19174333.3,11.8991,3.061,0.355,30
oh,5,13,9.5733,20.6433,20922000.0,11.3216,2.7524,0.374,30
oh,5,14,10.8667,21.3367,19895666.7,12.1593,2.7464,0.446,30
oh,5,15,10.8633,21.24,20584666.7,11.7233,2.6437,0.445,30
oh,5,16,11.33,21.15,18422666.7,12.317,2.5924,0.3607,30
oh,5,17,12.0633,21.2033,20064000.0,13.1167,2.7351,0.446,30
oh,5,18,12.1733,21.9733,19175000.0,13.6101,2.6638,0.6397,30
oh,5,19,11.98,22.8333,21106333.3,13.4499,2.7402,0.4237,30
oh,5,20,12.33,22.5267,21890333.3,13.1904,2.7395,0.1597,30
oh,5,21,12.85,22.4233,20843666.7,13.3493,2.7191,0.474,30
oh,5,22,12.2733,22.7567,22942666.7,13.054,2.4945,0.2443,30
oh,5,23,11.9,23.5133,23276666.7,12.9489,2.3944,0.175,30
oh,5,24,12.9267,23.6833,22004000.0,13.8746,2.5666,0.252,30
oh,5,25,13.3167,23.95,21875333.3,14.2998,2.7993,0.4863,30
oh,5,26,13.7667,23.8667,20606666.7,14.8618,2.6226,0.5327,30
oh,5,27,14.1767,23.9133,20739333.3,15.3723,2.4866,0.511,30
oh,5,28,14.91,24.5033,20805000.0,16.3097,2.5343,0.381,30
oh,5,29,14.86,24.97,22688666.7,15.7838,2.647,0.2447,30
oh,5,30,14.6167,25.18,24205000.0,15.0997,2.3623,0.1227,30
oh,5,31,15.0567,25.3367,23149000.0,15.8527,2.6073,0.4353,30
oh,6,1,14.7433,24.97,21728000.0,15.1857,2.6916,0.4627,30
oh,6,2,15.38,24.4933,20313333.3,15.9885,2.7057,0.5257,30
oh,6,3,14.2467,23.83,20221333.3,14.7152,2.5105,0.3083,30
oh,6,4,13.6967,23.95,22062666.7,14.6949,2.3176,0.3813,30
oh,6,5,14.52,24.45,21973666.7,15.4026,2.6047,0.3937,30
oh,6,6,14.41,24.66,22433333.3,15.1819,2.5225,0.238,30
oh,6,7,14.9867,25.1333,22598666.7,15.3794,2.5876,0.2097,30
oh,6,8,15.3733,25.8933,22252666.7,16.0816,2.3662,0.2713,30
oh,6,9,16.0767,26.2033,22452666.7,16.4952,2.4902,0.3977,30
oh,6,10,16.8367,26.6767,21282333.3,17.5591,2.2876,0.4683,30
oh,6,11,17.18,26.2067,20092000.0,18.0331,2.3631,0.5467,30
oh,6,12,17.7333,26.1167,20902666.7,18.7823,2.5546,0.4763,30
oh,6,13,16.8867,26.3633,22339666.7,18.1933,2.4605,0.369,30
oh,6,14,16.24,26.1533,23912666.7,17.2103,2.369,0.3843,30
oh,6,15,15.87,26.32,24079333.3,16.6867,2.3583,0.385,30
oh,6,16,16.9667,26.49,23371000.0,17.4875,2.6513,0.3367,30
oh,6,17,17.27,27.0067,23013666.7,18.0341,2.3274,0.2887,30
oh,6,18,17.78,27.1867,22921666.7,18.611,2.3302,0.3397,30
oh,6,19,17.5133,27.24,22040333.3,18.7304,2.301,0.4293,30
oh,6,20,17.23,27.1533,23601000.0,18.3717,2.1914,0.4017,30
oh,6,21,18.13,27.9833,23375000.0,18.7941,2.3705,0.2927,30
oh,6,22,18.4467,27.2833,23131666.7,18.9538,2.405,0.3373,30
oh,6,23,17.39,26.8367,22783666.7,18.3593,2.2364,0.4557,30
oh,6,24,17.76,27.4233,24110333.3,18.2558,2.2239,0.201,30
oh,6,25,17.6767,27.93,23549333.3,18.7234,2.3156,0.1687,30
oh,6,26,18.4,27.88,22361000.0,19.6956,2.4035,0.4377,30
oh,6,27,18.1633,27.3733,22920000.0,19.5406,2.37,0.6823,30
oh,6,28,18.3033,27.85,23449333.3,19.3018,2.3147,0.3513,30
oh,6,29,18.4167,27.5233,23531333.3,18.9862,2.4047,0.328,30
oh,6,30,17.8333,27.0333,22948333.3,19.0649,2.1456,0.3,30
oh,7,1,17.6933,27.4867,24256000.0,18.5187,2.2479,0.2683,30
oh,7,2,17.1767,27.2233,24138666.7,18.215,2.1878,0.2063,30
oh,7,3,17.6567,28.0533,22738666.7,18.7143,2.1423,0.3407,30
oh,7,4,18.9533,27.9233,21858000.0,20.1379,2.2129,0.299,30
oh,7,5,18.7833,28.2067,24024333.3,19.8812,2.1097,0.2923,30
oh,7,6,18.0933,28.3033,23227666.7,19.4,1.9766,0.3977,30
oh,7,7,18.47,27.7933,23353333.3,19.3651,2.1981,0.2113,30
oh,7,8,18.3,27.94,22799000.0,19.4183,2.1564,0.4737,30
oh,7,9,18.5,27.7133,21805666.7,19.1438,2.2021,0.273,30
oh,7,10,18.14,27.6667,22117666.7,19.1613,2.1411,0.3403,30
oh,7,11,17.4367,27.2967,23510333.3,18.0571,2.3686,0.171,30
oh,7,12,18.1333,27.7933,23191666.7,18.6825,2.2333,0.315,30
oh,7,13,18.6733,27.93,23366666.7,19.4686,2.0547,0.19,30
oh,7,14,18.4033,28.5233,23614000.0,19.7879,2.047,0.2297,30
oh,7,15,19.0733,28.8267,23390666.7,19.9487,2.2385,0.1763,30
oh,7,16,19.0867,28.7167,22520333.3,20.3791,1.985,0.2717,30
oh,7,17,19.8233,28.8367,21859000.0,20.9425,2.0183,0.4217,30
oh,7,18,19.4867,28.3833,21425000.0,21.3482,2.0657,0.325,30
oh,7,19,19.3367,28.3667,23115333.3,21.2983,2.0745,0.3097,30
oh,7,20,18.7533,28.37,22855333.3,20.7527,2.0645,0.2453,30
oh,7,21,19.2967,28.41,22038000.0,21.1543,1.99,0.4803,30
oh,7,22,19.2033,27.4767,20093666.7,21.1499,1.961,0.5883,30
oh,7,23,19.03,27.79,20894333.3,21.0299,2.0872,0.27,30
oh,7,24,18.2167,27.4533,22222333.3,19.8395,2.1784,0.14,30
oh,7,25,17.9233,27.5667,22506333.3,19.5425,1.9493,0.332,30
oh,7,26,18.0767,27.8067,22202666.7,19.7108,2.0551,0.1937,30
oh,7,27,18.68,27.9467,20093333.3,20.7773,2.0925,0.5173,30
oh,7,28,19.0767,27.8433,20682333.3,20.7228,2.2639,0.2337,30
oh,7,29,18.8067,27.6433,21487000.0,20.4927,2.1306,0.2873,30
oh,7,30,18.2433,27.7733,21383000.0,19.9382,1.8554,0.3267,30
oh,7,31,18.3533,28.2367,22225000.0,19.86,1.8286,0.3383,30
oh,8,1,18.31,28.1633,22608000.0,20.0668,1.7767,0.1523,30
oh,8,2,18.6767,28.2033,22048333.3,20.1775,1.8439,0.2173,30
oh,8,3,18.6467,28.5433,21783666.7,20.3367,1.8123,0.329,30
oh,8,4,18.4233,28.0333,20948333.3,19.9653,1.8959,0.2647,30
oh,8,5,18.1567,27.0467,19620000.0,19.9612,1.9359,0.3653,30
oh,8,6,17.99,27.4167,20663666.7,19.4008,2.1373,0.1917,30
oh,8,7,17.9333,27.7833,20936666.7,19.7073,1.8957,0.262,30
oh,8,8,18.55,28.0467,20659666.7,19.9081,2.0752,0.3607,30
oh,8,9,18.18,28.13,21172333.3,20.0312,2.0683,0.3177,30
oh,8,10,18.52,27.24,19938333.3,20.3238,2.0367,0.4413,30
oh,8,11,18.1433,26.78,19491666.7,19.789,2.0793,0.2133,30
oh,8,12,17.4,27.1133,20797000.0,19.1873,2.076,0.2613,30
oh,8,13,17.51,27.3067,20692000.0,19.2022,1.8636,0.2333,30
oh,8,14,17.2567,26.2733,18299666.7,18.9571,1.8238,0.3293,30
oh,8,15,16.9867,26.5933,19542000.0,19.3026,1.8887,0.3957,30
oh,8,16,17.5267,27.19,20139666.7,19.7642,2.0518,0.3503,30
oh,8,17,17.8433,26.95,18782000.0,19.7473,2.0556,0.357,30
oh,8,18,17.6,26.53,19114666.7,19.2633,2.0355,0.3013,30
oh,8,19,17.31,26.46,19481666.7,19.2055,1.9361,0.2163,30
oh,8,20,16.6867,26.8567,20326000.0,18.7719,2.1222,0.35,30
oh,8,21,17.1233,26.6933,20013666.7,18.9975,2.0719,0.435,30
oh,8,22,16.8767,26.6233,19797333.3,18.5231,2.0827,0.1603,30
oh,8,23,16.6033,26.7467,20101333.3,18.3372,1.906,0.163,30
oh,8,24,16.5467,27.29,19578000.0,18.3766,2.1875,0.1573,30
oh,8,25,17.6867,27.4433,19126000.0,19.3717,2.1595,0.2513,30
oh,8,26,17.4067,27.1533,19241666.7,19.1051,2.0269,0.178,30
oh,8,27,18.06,27.3767,17777000.0,20.1272,2.0166,0.2017,30
oh,8,28,17.59,27.2567,18900666.7,20.1175,2.0611,0.304,30
oh,8,29,17.7933,26.98,18672000.0,19.7474,2.1085,0.23,30
oh,8,30,16.7933,26.6733,17959000.0,18.5392,2.1641,0.2617,30
oh,8,31,16.3367,26.55,17899000.0,18.1055,2.1808,0.325,30
oh,9,1,16.5133,26.4733,17568333.3,17.8969,2.143,0.4213,30
oh,9,2,16.5967,26.63,18078000.0,18.1355,2.0429,0.2327,30
oh,9,3,16.13,27.1433,19567333.3,17.6187,1.9922,0.0527,30
oh,9,4,15.95,26.6667,18536333.3,17.3736,1.9409,0.1473,30
oh,9,5,15.1133,26.4967,18978000.0,16.767,2.0956,0.1657,30
oh,9,6,15.5967,26.4067,18125000.0,16.9382,2.2385,0.102,30
oh,9,7,16.2067,25.9867,15840333.3,17.2228,2.4907,0.2443,30
oh,9,8,15.62,24.89,15767333.3,17.3203,2.3389,0.4523,30
oh,9,9,15.2933,24.5,15903000.0,17.0173,2.1025,0.3677,30
oh,9,10,14.4767,24.8133,17297000.0,16.2277,2.1121,0.2107,30
oh,9,11,13.6267,25.02,18124000.0,15.3102,2.1672,0.1493,30
oh,9,12,14.6133,24.71,15794666.7,15.7563,2.2972,0.2877,30
oh,9,13,14.48,25.3733,16692333.3,15.7437,2.347,0.1837,30
oh,9,14,13.9233,24.6167,16559333.3,15.1748,2.3654,0.0877,30
oh,9,15,12.8067,23.3167,17570000.0,14.2731,2.1981,0.1127,30
oh,9,16,12.6633,23.3367,16304666.7,14.4207,1.9917,0.2307,30
oh,9,17,12.7433,23.8333,16104000.0,14.5421,2.1595,0.083,30
oh,9,18,13.0167,24.59,17078666.7,14.4536,2.1588,0.0763,30
oh,9,19,13.31,24.52,16125666.7,15.0745,2.3362,0.222,30
oh,9,20,14.3033,25.1433,15424666.7,15.5324,2.3796,0.183,30
oh,9,21,14.2067,24.5433,15427666.7,15.65,2.3722,0.333,30
oh,9,22,12.7733,23.5167,15424000.0,14.1,2.4991,0.314,30
oh,9,23,11.5533,22.6533,15002666.7,13.5391,2.3427,0.279,30
oh,9,24,11.8333,23.25,15239666.7,13.0394,2.4782,0.2047,30
oh,9,25,12.17,22.5967,14258000.0,13.317,2.4868,0.1727,30
oh,9,26,12.8567,22.4333,13009333.3,14.1966,2.6252,0.4293,30
oh,9,27,12.6967,22.1433,13150333.3,13.9128,2.9583,0.5247,30
oh,9,28,12.0233,21.4533,13346666.7,13.6785,2.5817,0.429,30
oh,9,29,10.2633,20.8467,13485333.3,12.6599,2.4062,0.2233,30
oh,9,30,10.27,20.8633,13931000.0,12.2376,2.6118,0.1317,30
oh,10,1,9.8567,20.83,14754333.3,11.8224,2.6944,0.0517,30
oh,10,2,10.77,21.6,13625666.7,12.6001,2.7646,0.148,30
oh,10,3,11.41,20.8567,11603000.0,13.1677,2.7687,0.2647,30
oh,10,4,11.5533,20.87,12206333.3,13.3088,2.8077,0.201,30
oh,10,5,9.65,20.8267,12644666.7,12.5367,2.2326,0.4743,30
oh,10,6,10.7933,21.3667,14178666.7,12.8952,2.7543,0.1997,30
oh,10,7,9.31,20.5467,12826000.0,11.6483,2.7833,0.2373,30
oh,10,8,8.4333,19.6967,13432333.3,11.2153,2.443,0.2067,30
oh,10,9,9.49,20.1167,12492000.0,11.4959,2.3779,0.222,30
oh,10,10,9.3067,19.8267,12913333.3,11.2248,2.3597,0.0293,30
oh,10,11,8.73,20.3267,13634000.0,11.037,2.5062,0.0903,30
oh,10,12,9.0767,19.9567,12339666.7,10.886,2.6121,0.1347,30
oh,10,13,9.3333,19.9133,12587666.7,10.9813,2.8745,0.1613,30
oh,10,14,8.5267,18.03,11244333.3,10.3033,3.1118,0.409,30
oh,10,15,7.4267,17.1533,11025666.7,9.6846,3.1752,0.1937,30
oh,10,16,7.1333,16.16,10637666.7,9.398,3.0843,0.1523,30
oh,10,17,6.2467,16.0667,11848333.3,8.6753,3.0823,0.2337,30
oh,10,18,6.04,16.0833,11253666.7,8.5198,2.982,0.2413,30
oh,10,19,5.53,16.3333,10768666.7,8.8785,2.7507,0.366,30
oh,10,20,6.3433,16.65,10795000.0,8.798,3.0553,0.3197,30
oh,10,21,6.82,16.3667,10718666.7,8.9693,3.1623,0.1703,30
oh,10,22,6.3333,16.4633,11482000.0,8.9976,2.9571,0.0793,30
oh,10,23,6.7833,16.33,9790666.7,9.2134,3.0289,0.339,30
oh,10,24,7.1233,15.7033,9885000.0,8.9377,3.1247,0.3927,30
oh,10,25,6.4433,15.7867,9864333.3,8.8501,2.9432,0.3083,30
oh,10,26,6.0967,14.9467,7663666.7,8.9175,3.0807,0.2823,30
oh,10,27,6.3067,14.02,7825000.0,9.0453,3.0311,0.3363,30
oh,10,28,4.7233,14.22,9836333.3,8.5832,2.9346,0.3767,30
oh,10,29,4.5033,13.9033,9636333.3,8.3062,3.0045,0.3217,30
oh,10,30,5.1933,15.2367,8749333.3,8.7717,3.0622,0.2193,30
oh,10,31,6.58,15.0233,8454000.0,8.843,3.3275,0.3073,30
oh,11,1,5.09,13.6067,9096000.0,8.2771,3.1525,0.3217,30
oh,11,2,3.7633,13.5633,9149666.7,8.1481,2.9925,0.3297,30
oh,11,3,2.9933,13.4333,11100333.3,7.2244,2.7871,0.0697,30
oh,11,4,4.32,13.4033,9232000.0,7.0343,2.9092,0.0807,30
oh,11,5,5.07,14.05,8857333.3,8.1157,2.8999,0.1503,30
oh,11,6,4.4033,14.1233,9143666.7,7.9023,3.0218,0.3223,30
oh,11,7,4.4967,13.51,9083666.7,7.5813,2.943,0.183,30
oh,11,8,3.0867,12.9267,9454666.7,7.0993,2.6449,0.1373,30
oh,11,9,3.59,13.1567,8854000.0,7.6275,2.9384,0.1493,30
oh,11,10,4.25,13.6433,8373333.3,7.3152,3.5485,0.2567,30
oh,11,11,2.5567,12.03,7926333.3,7.1808,3.374,0.3947,30
oh,11,12,0.1733,9.99,8816333.3,5.9423,3.0452,0.2453,30
oh,11,13,0.7167,9.41,8590000.0,5.7751,3.0689,0.115,30
oh,11,14,0.5967,9.3233,8577666.7,6.2055,2.9439,0.1983,30
oh,11,15,1.23,9.4533,6964666.7,6.3403,3.1453,0.4347,30
oh,11,16,1.5133,9.0133,6759000.0,6.5795,3.0773,0.1903,30
oh,11,17,1.2433,8.8,6929000.0,6.5057,3.1048,0.1977,30
oh,11,18,0.9433,9.5267,7510666.7,6.6266,3.1036,0.2927,30
oh,11,19,1.52,9.76,7223000.0,6.6357,3.3476,0.1957,30
oh,11,20,0.9133,8.8767,7889666.7,6.139,3.2001,0.0657,30
oh,11,21,1.16,8.4967,6722333.3,6.2162,2.965,0.1987,30
oh,11,22,0.1067,8.6833,6742333.3,6.1748,3.0562,0.2867,30
oh,11,23,-0.2333,8.6767,7655666.7,5.9961,3.0378,0.1007,30
oh,11,24,-0.3833,8.21,6880333.3,5.9859,3.0701,0.299,30
oh,11,25,0.5233,8.5633,6374333.3,6.016,3.3349,0.5307,30
oh,11,26,0.96,8.8433,5986666.7,6.1655,3.175,0.3263,30
oh,11,27,1.4033,7.6367,5909666.7,6.2798,3.3168,0.3083,30
oh,11,28,-0.4733,7.5233,6497333.3,5.7817,3.2267,0.2733,30
oh,11,29,0.0733,8.4433,6834333.3,6.2696,3.1156,0.274,30
oh,11,30,1.2233,9.0367,5650000.0,6.8121,3.5631,0.4217,30
oh,12,1,-0.54,7.6467,6198333.3,5.8517,3.6326,0.3917,30
oh,12,2,-0.6467,6.1733,6357666.7,5.4964,3.2006,0.141,30
oh,12,3,-0.3967,6.7567,6019000.0,5.8798,3.1376,0.136,30
oh,12,4,-0.7633,5.9733,5678666.7,5.8171,2.9617,0.1373,30
oh,12,5,-1.19,5.19,5777000.0,5.6635,3.1331,0.4113,30
oh,12,6,-2.7967,4.0333,5579000.0,5.1649,3.3191,0.2803,30
oh,12,7,-3.65,3.3733,6787333.3,4.9281,2.9078,0.1193,30
oh,12,8,-3.3933,3.5667,6256666.7,4.6986,2.8051,0.0383,30
oh,12,9,-2.2567,4.8233,5146666.7,5.3613,3.2234,0.3227,30
oh,12,10,-2.6033,4.8767,5836666.7,5.3551,2.976,0.2897,30
oh,12,11,-2.44,4.8,5870666.7,5.1814,3.0323,0.1867,30
oh,12,12,-3.21,4.8867,6303666.7,4.9998,2.9935,0.2373,30
oh,12,13,-2.6867,3.9367,5390000.0,5.1278,2.8491,0.169,30
oh,12,14,-1.62,5.7133,5249333.3,5.5998,3.0402,0.3677,30
oh,12,15,-1.7367,5.58,5678000.0,5.5539,3.3749,0.3117,30
oh,12,16,-1.65,4.9667,4995000.0,5.4573,3.2289,0.3237,30
oh,12,17,-2.82,4.3367,5694333.3,5.1499,2.9425,0.4087,30
oh,12,18,-4.2467,2.23,6374000.0,4.5676,2.8367,0.151,30
oh,12,19,-4.15,2.65,6205000.0,4.5704,3.1903,0.274,30
oh,12,20,-4.6067,2.3067,6127666.7,4.5234,2.8738,0.1747,30
oh,12,21,-3.5333,4.1867,5878666.7,4.8738,3.2049,0.3527,30
oh,12,22,-2.7133,4.1167,5225333.3,5.1629,3.1848,0.3367,30
oh,12,23,-3.6967,4.7267,5110666.7,5.1827,3.5651,0.404,30
oh,12,24,-3.7133,3.1567,5807666.7,5.0597,3.2921,0.2587,30
oh,12,25,-4.5733,1.61,5897333.3,4.7569,3.1685,0.2793,30
oh,12,26,-3.85,3.0767,6184666.7,4.8692,3.2009,0.2367,30
oh,12,27,-3.6133,3.9033,6041000.0,5.3864,3.0067,0.3483,30
oh,12,28,-2.7667,4.91,5677000.0,5.4976,3.3491,0.2583,30
oh,12,29,-1.5933,4.6033,5554000.0,5.5683,3.017,0.332,30
oh,12,30,-2.4,3.9367,5973000.0,5.1563,3.1278,0.1853,30
oh,12,31,-1.9333,4.3267,5060000.0,5.6343,3.3654,0.312,30
wi,1,1,-10.28,-2.1133,5981333.3,3.0379,2.7794,0.072,30
wi,1,2,-9.3267,-2.48,6041666.7,3.3886,2.8443,0.1273,30
wi,1,3,-9.2967,-1.79,5508000.0,3.4144,2.6255,0.0953,30
wi,1,4,-9.02,-1.9067,5482000.0,3.281,2.9372,0.1107,30
wi,1,5,-10.75,-2.31,5749666.7,3.2634,2.7105,0.095,30
wi,1,6,-9.87,-3.2133,6054666.7,3.2218,2.6734,0.071,30
wi,1,7,-10.74,-3.0867,6419666.7,3.0959,2.6339,0.1297,30
wi,1,8,-10.13,-2.0767,6406666.7,3.122,2.6037,0.075,30
wi,1,9,-9.6167,-1.2567,6227333.3,3.2452,2.8395,0.0923,30
wi,1,10,-9.3433,-1.5033,6148000.0,3.302,2.7311,0.104,30
wi,1,11,-8.5,-0.8167,5792666.7,3.6213,2.5383,0.1313,30
wi,1,12,-7.88,-1.4433,5535333.3,3.7015,2.5819,0.111,30
wi,1,13,-10.1833,-2.6967,6645000.0,3.1584,2.6118,0.091,30
wi,1,14,-10.57,-3.47,5875000.0,2.9749,2.4255,0.1197,30
wi,1,15,-9.6833,-2.9867,6637000.0,3.0716,2.4744,0.122,30
wi,1,16,-10.2333,-2.0933,6505333.3,3.0946,2.8058,0.075,30
wi,1,17,-10.5133,-2.67,5751333.3,3.157,2.7428,0.1633,30
wi,1,18,-11.0133,-2.8333,6771666.7,2.9907,2.9435,0.1817,30
wi,1,19,-11.8133,-3.22,7239333.3,2.7296,2.8285,0.118,30
wi,1,20,-12.6533,-4.5367,7249333.3,2.6275,2.3563,0.0713,30
wi,1,21,-12.4467,-4.0967,7202333.3,2.792,2.5331,0.0633,30
wi,1,22,-9.41,-2.77,6571666.7,3.283,2.9344,0.1953,30
wi,1,23,-10.4,-3.7433,6744666.7,3.1322,2.607,0.143,30
wi,1,24,-9.98,-3.0833,7236000.0,3.1937,2.4816,0.1333,30
wi,1,25,-10.42,-2.7467,7046666.7,3.009,2.5525,0.1207,30
wi,1,26,-10.71,-2.67,6959666.7,3.0154,2.6042,0.1577,30
wi,1,27,-10.3467,-1.8233,7874000.0,3.1507,2.7059,0.0803,30
wi,1,28,-10.29,-2.5233,7242666.7,3.1442,2.5805,0.1053,30
wi,1,29,-10.8867,-2.8267,7188000.0,3.0573,2.4651,0.0953,30
wi,1,30,-11.3567,-3.4467,8216000.0,2.9578,2.5556,0.1457,30
wi,1,31,-10.05,-1.4167,8291333.3,3.3613,2.6049,0.1143,30
wi,2,1,-8.8667,-1.0767,8069666.7,3.5207,2.6497,0.1073,30
wi,2,2,-9.58,-2.5167,8672000.0,3.3065,2.5967,0.1253,30
wi,2,3,-10.2933,-2.5233,8428000.0,3.3828,2.5754,0.0933,30
wi,2,4,-11.3033,-2.3033,8788000.0,2.9755,2.7105,0.1863,30
wi,2,5,-11.2467,-2.3567,9401666.7,2.849,2.575,0.0367,30
wi,2,6,-10.2133,-0.9467,9616666.7,3.114,2.4016,0.0737,30
wi,2,7,-8.47,-1.0033,9183333.3,3.5436,2.4789,0.1033,30
wi,2,8,-9.7133,-0.8133,9726333.3,3.2675,2.5759,0.0623,30
wi,2,9,-9.38,-1.63,9313666.7,3.3433,2.6789,0.1827,30
wi,2,10,-10.7033,-1.35,10001000.0,3.0891,3.05,0.084,30
wi,2,11,-10.5467,-1.3467,9226333.3,3.2084,2.7957,0.1133,30
wi,2,12,-10.0333,-2.1733,10526333.3,2.7879,2.9593,0.1173,30
wi,2,13,-10.91,-1.3067,10542666.7,2.6921,2.6904,0.07,30
wi,2,14,-8.7633,-0.3033,9994000.0,3.2897,2.7397,0.089,30
wi,2,15,-9.72,-0.1167,10782333.3,3.282,2.8161,0.066,30
wi,2,16,-9.4333,-0.6033,11053333.3,3.0692,2.5838,0.0583,30
wi,2,17,-10.2267,-0.1533,10524333.3,3.0305,2.8451,0.191,30
wi,2,18,-8.62,1.8167,11832333.3,3.4626,2.9245,0.0613,30
wi,2,19,-8.4033,1.5533,11959000.0,3.5575,2.6698,0.0627,30
wi,2,20,-6.2067,2.3033,9754000.0,4.1162,2.6894,0.2267,30
wi,2,21,-6.2267,2.0533,10915000.0,3.9083,2.8005,0.1537,30
wi,2,22,-6.46,2.5967,11087666.7,3.7535,2.5872,0.142,30
wi,2,23,-5.7367,1.76,11143666.7,4.0674,2.5716,0.1727,30
wi,2,24,-6.5233,1.9633,10770666.7,3.9083,2.8257,0.2953,30
wi,2,25,-6.32,2.4733,12113666.7,3.8857,2.8889,0.1577,30
wi,2,26,-7.81,2.0267,11830666.7,3.6335,2.9346,0.113,30
wi,2,27,-6.3833,2.7,12601666.7,3.8596,2.8235,0.2493,30
wi,2,28,-7.2233,2.5667,12236000.0,3.7326,2.6173,0.066,30
wi,3,1,-5.1333,2.6633,11939000.0,3.9012,2.8249,0.1347,30
wi,3,2,-7.3967,1.86,13266000.0,3.6245,2.4488,0.1253,30
wi,3,3,-8.4567,2.0467,14044666.7,3.2712,2.505,0.1007,30
wi,3,4,-6.9933,2.1867,12681666.7,3.3743,2.2481,0.0783,30
wi,3,5,-5.5567,2.3067,11608000.0,4.0026,2.6147,0.2937,30
wi,3,6,-5.8033,3.9533,13545000.0,4.1603,2.7064,0.1697,30
wi,3,7,-5.08,4.5367,14039000.0,4.3186,2.7138,0.089,30
wi,3,8,-4.4033,5.06,13148333.3,4.6486,2.8589,0.2147,30
wi,3,9,-4.3933,4.78,12861000.0,4.4816,2.9526,0.3107,30
wi,3,10,-3.8267,5.2733,14464666.7,4.3513,2.8532,0.2383,30
wi,3,11,-3.9867,6.8367,15234666.7,4.3645,2.8436,0.1293,30
wi,3,12,-2.8567,6.3867,14441000.0,4.6614,2.744,0.129,30
wi,3,13,-2.1367,7.3733,13698000.0,4.9094,2.9078,0.2643,30
wi,3,14,-1.69,8.18,14684000.0,5.2224,2.7821,0.113,30
wi,3,15,-2.3267,7.14,15081333.3,5.1482,2.4742,0.0943,30
wi,3,16,-2.4667,7.77,15720333.3,4.9325,2.5189,0.1797,30
wi,3,17,-0.97,8.3033,14947333.3,5.3348,2.665,0.1217,30
wi,3,18,-1.1967,7.18,12799000.0,5.0097,2.6794,0.2053,30
wi,3,19,-1.4633,7.47,14742666.7,5.064,2.7031,0.2103,30
wi,3,20,-1.2867,8.1233,16043000.0,5.0558,2.8326,0.1667,30
wi,3,21,-1.49,8.4333,16298666.7,4.9041,2.726,0.076,30
wi,3,22,-1.3533,8.1067,15931666.7,5.1067,2.5357,0.1387,30
wi,3,23,-1.5167,8.0267,15158666.7,5.1647,2.4157,0.2403,30
wi,3,24,-0.3333,8.0267,12542666.7,5.7507,2.5675,0.359,30
wi,3,25,-0.2633,8.2133,15146666.7,5.6995,3.1465,0.2567,30
wi,3,26,-1.43,8.6567,16610000.0,5.4444,2.6444,0.2467,30
wi,3,27,-0.1167,9.45,14804000.0,5.661,2.7854,0.175,30
wi,3,28,0.39,9.6333,16077000.0,5.8674,2.6746,0.2207,30
wi,3,29,0.3,10.3333,16815333.3,5.3768,2.5096,0.1157,30
wi,3,30,1.65,11.28,13916666.7,5.8992,2.8063,0.2897,30
wi,3,31,1.3567,10.85,13816666.7,6.1987,3.051,0.5253,30
wi,4,1,0.41,10.7033,16774000.0,5.863,2.67,0.2033,30
wi,4,2,1.5,11.5667,16262333.3,5.9918,2.7155,0.231,30
wi,4,3,2.2967,11.33,14405000.0,6.2362,3.0337,0.3257,30
wi,4,4,0.6633,10.5633,16776666.7,5.508,3.1448,0.352,30
wi,4,5,0.3767,11.47,17272000.0,5.6347,2.5364,0.1447,30
wi,4,6,2.0,12.0767,17724000.0,6.4277,3.0895,0.2923,30
wi,4,7,1.88,11.5033,15102666.7,6.415,3.221,0.347,30
wi,4,8,1.7133,11.2267,16393333.3,6.2971,2.8257,0.2313,30
wi,4,9,1.36,12.2433,18639666.7,5.7812,2.6851,0.3213,30
wi,4,10,2.67,13.3833,16739333.3,6.0467,2.9028,0.2933,30
wi,4,11,3.8133,13.6933,15315000.0,6.6529,3.057,0.5383,30
wi,4,12,3.5167,13.53,16077666.7,6.9564,2.9619,0.3603,30
wi,4,13,3.2833,13.5433,18020333.3,6.4627,3.0428,0.2797,30
wi,4,14,3.8533,15.3433,19905000.0,6.5654,2.9562,0.3357,30
wi,4,15,4.7433,15.86,17974333.3,7.2901,3.0673,0.3477,30
wi,4,16,3.82,15.6133,16825666.7,6.923,3.384,0.3333,30
wi,4,17,4.0733,14.35,19059666.7,6.7774,2.7749,0.2867,30
wi,4,18,4.7067,15.3033,17584333.3,7.479,2.5742,0.4497,30
wi,4,19,4.93,16.0333,16390666.7,7.8477,2.9406,0.3973,30
wi,4,20,4.31,14.4667,15752666.7,7.6534,2.6643,0.6483,30
wi,4,21,4.3633,14.4967,19103000.0,7.5813,2.9104,0.2813,30
wi,4,22,4.4033,15.3533,18879333.3,7.0372,2.6092,0.1667,30
wi,4,23,4.08,15.9167,21417333.3,6.9964,2.7979,0.256,30
wi,4,24,5.05,16.79,20274666.7,7.2843,2.5323,0.2383,30
wi,4,25,5.0033,15.9367,18124000.0,7.5701,2.778,0.3653,30
wi,4,26,4.19,15.9567,19670000.0,6.8979,2.8721,0.262,30
wi,4,27,4.7067,15.25,18914333.3,6.9938,2.8084,0.255,30
wi,4,28,4.2467,15.4567,20056666.7,7.0974,2.6782,0.31,30
wi,4,29,5.9867,16.6267,18153000.0,7.8053,2.7598,0.181,30
wi,4,30,6.8067,16.8767,17163666.7,8.597,3.1362,0.4253,30
wi,5,1,7.3433,17.1533,18432666.7,8.9572,3.0158,0.4203,30
wi,5,2,7.86,17.1433,17341666.7,9.0432,2.7572,0.2477,30
wi,5,3,7.2233,17.21,19720333.3,8.8898,2.3882,0.328,30
wi,5,4,7.4233,19.27,22426666.7,8.6506,2.5297,0.309,30
wi,5,5,8.4633,18.7533,19733666.7,8.9075,2.7179,0.237,30
wi,5,6,8.9333,20.0467,20910333.3,9.9653,2.4069,0.1773,30
wi,5,7,9.92,19.96,20297000.0,10.3195,2.7574,0.3683,30
wi,5,8,8.79,19.5,18809333.3,10.155,2.7076,0.3757,30
wi,5,9,9.31,19.5533,17456000.0,10.7577,2.8118,0.511,30
wi,5,10,8.6533,18.9,19329000.0,10.5765,2.4674,0.368,30
wi,5,11,8.85,19.18,16721000.0,10.6376,2.8017,0.519,30
wi,5,12,8.66,17.9967,18927000.0,10.2492,2.8592,0.393,30
wi,5,13,8.1967,18.86,18790666.7,9.7758,2.5141,0.2997,30
wi,5,14,8.93,19.0233,18318000.0,9.8075,2.8826,0.2097,30
wi,5,15,9.49,20.35,21784666.7,10.4494,2.5673,0.161,30
wi,5,16,10.28,21.6333,22943666.7,11.1219,2.5501,0.1753,30
wi,5,17,9.6133,21.7867,21628333.3,11.002,2.6157,0.39,30
wi,5,18,10.13,21.15,21511000.0,10.5909,2.9387,0.3317,30
wi,5,19,10.8867,21.3167,21403000.0,11.5378,2.5577,0.231,30
wi,5,20,10.96,21.6467,20815000.0,11.7072,2.7328,0.326,30
wi,5,21,10.4733,20.9833,21034666.7,11.2907,2.5307,0.2617,30
wi,5,22,10.59,21.7167,22463333.3,11.6649,2.4246,0.2287,30
wi,5,23,11.8567,22.0333,20825000.0,12.2388,2.5836,0.4133,30
wi,5,24,11.7633,21.9333,20088000.0,12.2698,2.5891,0.312,30
wi,5,25,11.47,21.6533,20267666.7,12.6095,2.5946,0.612,30
wi,5,26,12.0967,22.1233,21541000.0,13.1756,2.3638,0.3257,30
wi,5,27,11.8733,22.3833,20303000.0,12.8427,2.6011,0.367,30
wi,5,28,12.8833,22.3667,20867333.3,13.68,2.4773,0.445,30
wi,5,29,12.9967,23.42,22594000.0,13.6759,2.3839,0.233,30
wi,5,30,13.4033,24.4667,21791333.3,14.3111,2.4114,0.3027,30
wi,5,31,13.8433,24.0933,23869333.3,14.1464,2.5996,0.3597,30
wi,6,1,13.3567,24.2767,23620000.0,13.6835,2.335,0.4877,30
wi,6,2,13.1233,23.4467,23338333.3,13.4858,2.3228,0.2883,30
wi,6,3,12.71,23.0333,22704000.0,13.0918,2.268,0.345,30
wi,6,4,14.1133,23.4733,20011333.3,14.1007,2.1394,0.3363,30
wi,6,5,14.0167,24.2033,21147666.7,14.5334,2.2105,0.3407,30
wi,6,6,14.25,24.1567,21478000.0,14.6681,2.3432,0.3407,30
wi,6,7,14.87,24.4567,22271000.0,15.5134,2.4445,0.23,30
wi,6,8,14.85,24.9367,21474666.7,15.2364,2.3832,0.5097,30
wi,6,9,15.01,25.4767,22459333.3,15.3153,2.2369,0.2147,30
wi,6,10,15.5133,24.6933,20742666.7,16.1098,2.5223,0.5113,30
wi,6,11,15.5233,24.61,19439000.0,16.7214,2.4038,0.4827,30
wi,6,12,14.7333,25.19,21544333.3,16.2662,2.1507,0.518,30
wi,6,13,14.9767,24.7633,22937333.3,15.7349,2.0611,0.1757,30
wi,6,14,15.2567,25.5333,23852333.3,15.9445,2.3161,0.248,30
wi,6,15,15.89,25.9633,21379000.0,16.1471,2.5228,0.3413,30
wi,6,16,15.9433,25.6767,23356666.7,16.0985,2.4964,0.316,30
wi,6,17,15.82,26.4467,24830333.3,16.772,2.069,0.3087,30
wi,6,18,17.3067,26.5,22194333.3,17.9806,2.444,0.4467,30
wi,6,19,16.4167,25.94,22231000.0,16.6464,2.5374,0.4033,30
wi,6,20,16.9567,26.4833,21754000.0,17.3673,2.1933,0.2653,30
wi,6,21,17.2233,26.7867,22614000.0,18.0429,2.2589,0.507,30
wi,6,22,17.05,26.55,21973333.3,17.726,2.2366,0.586,30
wi,6,23,16.7267,26.8367,22542000.0,17.9037,2.172,0.364,30
wi,6,24,17.52,27.0533,23460666.7,18.4154,2.2366,0.105,30
wi,6,25,17.45,27.3633,23113333.3,19.0644,2.1705,0.385,30
wi,6,26,17.6967,26.2167,22153000.0,18.4053,2.3942,0.491,30
wi,6,27,17.3467,27.2067,24228000.0,18.0162,2.2067,0.2917,30
wi,6,28,17.25,26.3067,22164000.0,18.0248,2.3903,0.4143,30
wi,6,29,17.3467,26.7633,24154333.3,18.367,2.2158,0.2773,30
wi,6,30,17.7767,27.2133,24580000.0,18.2136,2.3803,0.1417,30
wi,7,1,17.0267,26.8067,25414666.7,17.3323,2.2136,0.317,30
wi,7,2,16.4767,26.6067,23656000.0,17.2698,2.1804,0.353,30
wi,7,3,17.12,27.3233,23726333.3,17.9587,2.131,0.3513,30
wi,7,4,18.2667,27.94,23101666.7,19.4818,2.0111,0.2307,30
wi,7,5,18.46,27.7567,23407000.0,19.4675,2.1205,0.4367,30
wi,7,6,18.19,27.5533,21376000.0,19.4984,2.159,0.3727,30
wi,7,7,17.2667,27.1767,22465666.7,18.5361,1.9979,0.2133,30
wi,7,8,17.6367,27.14,23098333.3,18.5439,2.0997,0.3287,30
wi,7,9,17.26,27.26,24147666.7,18.2101,2.0147,0.1373,30
wi,7,10,17.3333,27.2767,23593000.0,18.2391,2.1277,0.251,30
wi,7,11,16.9933,27.1767,24725000.0,17.6558,2.1689,0.187,30
wi,7,12,17.41,27.5667,22606666.7,18.0865,2.0683,0.2527,30
wi,7,13,18.15,27.9867,24494666.7,19.2136,2.0479,0.1517,30
wi,7,14,18.6333,28.3033,23504333.3,19.2519,2.4229,0.2133,30
wi,7,15,18.55,28.2733,23713666.7,19.6747,2.1605,0.34,30
wi,7,16,18.6533,28.4033,23376333.3,19.634,2.0242,0.2243,30
wi,7,17,18.93,28.2367,22300333.3,20.3786,2.1825,0.3227,30
wi,7,18,18.32,28.3933,22317666.7,20.3069,2.0659,0.2087,30
wi,7,19,18.4433,27.89,21850333.3,19.8599,2.0719,0.2063,30
wi,7,20,18.2167,28.0,20682333.3,20.1401,2.1954,0.322,30
wi,7,21,18.3467,27.7167,20701000.0,20.1221,2.1418,0.327,30
wi,7,22,18.27,27.7767,20887333.3,19.8706,2.0168,0.279,30
wi,7,23,17.5967,27.2867,21969333.3,19.3706,1.9397,0.3013,30
wi,7,24,17.6867,27.25,21807666.7,19.1215,1.9883,0.24,30
wi,7,25,17.7233,27.8233,22845333.3,18.8973,2.0755,0.1487,30
wi,7,26,18.48,27.8467,20708666.7,19.9972,2.2139,0.4097,30
wi,7,27,18.28,27.83,21314000.0,19.6959,2.1875,0.2053,30
wi,7,28,17.8633,27.3967,21432666.7,19.7022,2.0927,0.2583,30
wi,7,29,17.59,27.2067,22710000.0,18.8422,1.9438,0.4427,30
wi,7,30,17.2933,27.8733,23065333.3,18.5469,1.9096,0.0773,30
wi,7,31,17.7367,28.21,24540333.3,19.3162,1.9589,0.1513,30
wi,8,1,18.08,27.96,22613666.7,19.3202,1.9857,0.1703,30
wi,8,2,18.0833,28.1867,21576333.3,19.8043,1.9191,0.158,30
wi,8,3,17.79,27.6233,21181666.7,19.6695,1.8947,0.2673,30
wi,8,4,17.99,27.1667,19976000.0,19.3872,1.9431,0.3767,30
wi,8,5,17.1833,26.4567,20249000.0,18.5479,2.086,0.3783,30
wi,8,6,17.0833,26.97,20584333.3,18.8776,1.985,0.429,30
wi,8,7,17.55,27.2267,19723666.7,19.3911,1.9055,0.407,30
wi,8,8,17.38,27.17,20583666.7,18.9687,2.0903,0.2687,30
wi,8,9,17.9233,26.94,20075333.3,19.4523,2.042,0.1947,30
wi,8,10,17.1433,26.9967,20841666.7,18.807,2.0482,0.242,30
wi,8,11,16.5767,26.3067,19296000.0,17.9883,2.0094,0.2557,30
wi,8,12,16.3167,26.37,19082333.3,18.2938,1.819,0.3473,30
wi,8,13,16.7967,25.9533,18143333.3,18.3921,1.9249,0.2703,30
wi,8,14,15.6367,25.9133,20156333.3,17.9092,1.9534,0.337,30
wi,8,15,16.28,26.3633,20319333.3,17.418,1.9194,0.176,30
wi,8,16,16.42,26.5967,20323333.3,17.9267,2.0688,0.2893,30
wi,8,17,16.7833,26.1467,18643000.0,18.1769,2.142,0.3457,30
wi,8,18,15.78,25.48,18313333.3,17.4445,1.9778,0.222,30
wi,8,19,15.9133,25.4667,18808666.7,17.9336,2.0839,0.3387,30
wi,8,20,16.4067,25.72,18145666.7,18.2044,2.0372,0.6137,30
wi,8,21,16.35,25.7633,18209000.0,17.8019,2.2843,0.181,30
wi,8,22,16.1767,25.92,18530666.7,18.1398,2.093,0.326,30
wi,8,23,16.6167,26.3,18462333.3,18.7753,2.1229,0.2253,30
wi,8,24,17.0433,26.3533,17267666.7,19.0013,2.3106,0.3267,30
wi,8,25,17.26,26.2033,17821666.7,19.2444,2.1741,0.3277,30
wi,8,26,17.0033,26.62,18251000.0,19.2514,1.8492,0.1373,30
wi,8,27,17.04,26.4833,18319000.0,19.1185,2.1346,0.321,30
wi,8,28,16.7,26.3667,16408666.7,19.0153,1.9754,0.439,30
wi,8,29,16.3233,25.75,18631000.0,18.0288,2.2278,0.3793,30
wi,8,30,15.3067,25.5033,19474000.0,16.9261,2.1801,0.1357,30
wi,8,31,14.81,25.98,20063333.3,16.7381,2.008,0.0453,30
wi,9,1,15.05,26.0767,19770000.0,16.7916,2.1028,0.1127,30
wi,9,2,15.69,26.2233,18707333.3,16.9857,2.3128,0.1523,30
wi,9,3,15.4333,25.7767,17928333.3,17.1919,2.1861,0.3883,30
wi,9,4,14.4367,25.33,17703666.7,16.1208,2.2249,0.216,30
wi,9,5,14.33,25.5333,17628000.0,16.2687,2.2381,0.1143,30
wi,9,6,15.2533,25.5567,18149666.7,16.6831,2.4315,0.191,30
wi,9,7,14.56,24.87,15479666.7,16.0124,2.28,0.3977,30
wi,9,8,13.4467,22.8933,15458333.3,14.9841,2.2029,0.2267,30
wi,9,9,12.4533,23.2667,16403000.0,14.8871,2.086,0.1413,30
wi,9,10,13.18,23.6533,15924333.3,15.0332,2.3827,0.274,30
wi,9,11,13.4,23.8033,16297666.7,14.6572,2.556,0.44,30
wi,9,12,13.0967,23.0833,14767333.3,14.6464,2.4306,0.3957,30
wi,9,13,12.5567,23.01,15513666.7,14.2447,2.3068,0.2713,30
wi,9,14,11.8433,22.7433,15397000.0,13.6682,2.2903,0.281,30
wi,9,15,11.9567,22.5967,15643666.7,13.9777,2.1794,0.1783,30
wi,9,16,12.18,23.2867,16821666.7,14.0071,2.2639,0.085,30
wi,9,17,12.3467,23.3567,15713333.3,13.9457,2.3396,0.1307,30
wi,9,18,12.2867,22.97,15239666.7,13.9452,2.2488,0.099,30
wi,9,19,13.5067,23.0033,13093000.0,14.9458,2.7021,0.6023,30
wi,9,20,12.5667,22.6933,14128333.3,14.6334,2.4428,0.311,30
wi,9,21,12.0933,22.0333,14062000.0,13.567,2.7131,0.3303,30
wi,9,22,11.1133,20.3967,13414666.7,13.1323,2.45,0.3467,30
wi,9,23,10.28,20.9533,14884333.3,12.6467,2.2634,0.218,30
wi,9,24,10.61,20.7533,14009333.3,12.462,2.6035,0.0957,30
wi,9,25,10.9233,21.3467,13483000.0,13.1218,2.421,0.27,30
wi,9,26,10.81,20.9967,14377333.3,12.4354,2.4806,0.3987,30
wi,9,27,10.2867,20.4633,12943333.3,12.2156,2.437,0.157,30
wi,9,28,9.3567,19.42,13399000.0,11.5518,2.5022,0.157,30
wi,9,29,8.95,19.4633,14103000.0,11.0432,2.4995,0.194,30
wi,9,30,9.5133,20.1233,13909000.0,11.2306,2.8984,0.0667,30
wi,10,1,9.85,19.77,12915666.7,11.7219,2.7172,0.245,30
wi,10,2,8.9033,19.28,12245666.7,11.3732,2.5196,0.2997,30
wi,10,3,9.2967,18.8967,11731000.0,11.6888,2.5287,0.2387,30
wi,10,4,8.36,18.06,12495666.7,10.6612,2.5915,0.2703,30
wi,10,5,8.0,17.8933,11409000.0,10.3787,2.6307,0.2523,30
wi,10,6,8.2633,18.2933,11495666.7,10.5935,2.8161,0.37,30
wi,10,7,8.1267,17.2933,11897000.0,10.0413,2.9401,0.171,30
wi,10,8,8.08,18.66,12678000.0,10.2635,2.6719,0.2097,30
wi,10,9,8.1367,18.5167,12927333.3,9.9832,2.5501,0.118,30
wi,10,10,6.9633,18.02,12542666.7,9.8784,2.4761,0.156,30
wi,10,11,7.04,18.67,11754333.3,9.9334,2.6427,0.2077,30
wi,10,12,8.1167,16.5933,9576333.3,10.4683,2.8594,0.2183,30
wi,10,13,7.2767,15.1433,9338000.0,9.7183,2.9878,0.45,30
wi,10,14,5.4333,14.1933,9637000.0,8.5209,2.9825,0.3473,30
wi,10,15,5.5433,14.0533,10010333.3,8.1224,3.0835,0.173,30
wi,10,16,5.26,14.0567,11354666.7,8.2701,2.6238,0.0877,30
wi,10,17,4.96,14.79,10559333.3,8.2213,2.7529,0.2487,30
wi,10,18,4.8167,15.41,10814333.3,7.9444,2.88,0.219,30
wi,10,19,5.09,14.8067,10125000.0,7.8095,2.8575,0.0843,30
wi,10,20,5.71,14.9767,10519000.0,7.9836,2.7258,0.043,30
wi,10,21,5.3967,14.33,9150000.0,8.0325,2.6528,0.152,30
wi,10,22,3.3467,13.88,8344333.3,7.5872,2.5208,0.2693,30
wi,10,23,5.09,12.5933,7781333.3,8.3711,2.795,0.4977,30
wi,10,24,4.9133,12.6567,7948666.7,8.9686,2.6468,0.31,30
wi,10,25,4.18,13.2567,9393333.3,8.261,2.5716,0.197,30
wi,10,26,4.22,11.54,7919666.7,7.8311,2.7926,0.3093,30
wi,10,27,3.17,11.3833,8965000.0,7.5205,2.5242,0.1067,30
wi,10,28,2.7467,10.9967,8998666.7,6.967,2.7689,0.1653,30
wi,10,29,3.4533,11.9533,8610000.0,7.4942,2.7076,0.15,30
wi,10,30,4.63,12.4967,7874000.0,7.9558,2.8731,0.1093,30
wi,10,31,3.6033,11.2367,8083333.3,7.488,2.9681,0.226,30
wi,11,1,2.0533,10.5067,8480666.7,6.5421,2.7679,0.1263,30
wi,11,2,2.2067,10.5267,8529333.3,6.3773,2.802,0.149,30
wi,11,3,1.6467,10.5367,8965666.7,6.2765,2.5546,0.1513,30
wi,11,4,2.8667,10.8467,7619666.7,7.2526,2.6272,0.3143,30
wi,11,5,2.81,10.7233,7368666.7,7.1803,2.6181,0.2087,30
wi,11,6,3.49,11.31,7373666.7,7.1647,3.0572,0.3267,30
wi,11,7,1.7933,10.2767,8229666.7,6.4627,2.7047,0.049,30
wi,11,8,1.37,9.43,8275666.7,6.2864,2.5752,0.0903,30
wi,11,9,1.9,10.05,7539000.0,6.5229,2.8925,0.1347,30
wi,11,10,1.5667,9.55,6955000.0,6.6034,3.011,0.394,30
wi,11,11,-0.3267,7.94,6946666.7,5.6569,2.9799,0.231,30
wi,11,12,-1.43,5.8633,7720000.0,5.2482,2.6837,0.137,30
wi,11,13,-1.53,6.39,7431000.0,5.0914,2.9657,0.121,30
wi,11,14,-0.3567,6.8433,6647666.7,5.4665,2.6097,0.0727,30
wi,11,15,0.13,7.04,6919666.7,5.6682,2.5733,0.0907,30
wi,11,16,-0.4367,6.2133,6479666.7,5.7008,2.6032,0.125,30
wi,11,17,-0.3933,6.0633,6289666.7,6.0118,2.8532,0.1563,30
wi,11,18,-1.1267,6.0233,6321000.0,5.712,2.8676,0.1557,30
wi,11,19,-0.9233,6.0667,6466000.0,5.4098,3.1046,0.1463,30
wi,11,20,-1.4667,5.22,6614333.3,5.1233,2.7064,0.0363,30
wi,11,21,-2.49,5.2267,6791333.3,4.8472,2.7208,0.1267,30
wi,11,22,-2.4867,4.77,6075000.0,4.8454,2.6408,0.0583,30
wi,11,23,-1.9667,5.8867,6204333.3,5.2164,2.8122,0.258,30
wi,11,24,-2.4433,5.1167,6090333.3,5.0307,2.9394,0.1933,30
wi,11,25,-2.0567,4.65,5959333.3,5.0506,2.8297,0.0893,30
wi,11,26,-3.1233,3.58,6113000.0,4.788,2.5419,0.1483,30
wi,11,27,-3.9967,3.0433,5813333.3,4.692,2.6054,0.2467,30
wi,11,28,-3.3367,3.7467,6388333.3,4.8327,2.6296,0.208,30
wi,11,29,-3.1067,4.2233,5469666.7,4.9882,2.6145,0.0903,30
wi,11,30,-3.2333,3.7867,5621333.3,4.7208,2.9154,0.1537,30
wi,12,1,-4.12,2.5633,5595333.3,4.1938,2.9289,0.2007,30
wi,12,2,-4.27,3.09,6098000.0,4.3428,2.579,0.1287,30
wi,12,3,-4.07,2.8067,5467333.3,4.9107,2.4794,0.2083,30
wi,12,4,-3.5533,2.9267,5023000.0,4.8897,2.5929,0.175,30
wi,12,5,-5.1467,1.86,5791666.7,4.3737,2.9363,0.104,30
wi,12,6,-6.77,0.1133,5756333.3,3.7028,2.8209,0.0453,30
wi,12,7,-7.5,-0.74,6333000.0,3.5186,2.4794,0.042,30
wi,12,8,-6.3267,0.03,5547000.0,3.8024,2.3882,0.0433,30
wi,12,9,-6.59,0.6667,5008666.7,4.033,2.6715,0.254,30
wi,12,10,-7.0733,0.1367,5729000.0,3.7864,2.8711,0.1797,30
wi,12,11,-7.0367,-0.8,5712333.3,3.7077,2.6171,0.1807,30
wi,12,12,-7.62,-0.3467,5474000.0,3.8098,2.7275,0.1153,30
wi,12,13,-6.7033,0.8567,5434666.7,4.0815,2.4514,0.107,30
wi,12,14,-5.4133,1.6533,5246666.7,4.5395,2.5553,0.354,30
wi,12,15,-5.9533,1.6767,5159000.0,4.4727,2.8443,0.174,30
wi,12,16,-6.5633,0.5633,4723000.0,4.1085,2.6533,0.1567,30
wi,12,17,-7.41,-1.2267,5377666.7,3.461,2.4935,0.0607,30
wi,12,18,-9.1767,-0.95,5637666.7,3.3124,2.5805,0.0947,30
wi,12,19,-7.49,-0.9367,5683666.7,3.472,2.6839,0.091,30
wi,12,20,-7.96,-0.5567,5204000.0,3.314,2.6324,0.175,30
wi,12,21,-8.17,-1.1033,4983666.7,3.5828,2.6964,0.1057,30
wi,12,22,-7.55,-1.5133,4781666.7,3.8411,2.6114,0.1647,30
wi,12,23,-7.2567,-0.8467,4480666.7,3.8509,2.8994,0.2437,30
wi,12,24,-8.8933,-1.72,5394333.3,3.5874,2.6861,0.169,30
wi,12,25,-8.6133,-1.8567,5649666.7,3.6447,2.6032,0.1507,30
wi,12,26,-8.26,-0.7267,5636000.0,3.6406,2.5292,0.1243,30
wi,12,27,-7.5233,-0.57,5079000.0,3.8791,2.5568,0.1503,30
wi,12,28,-7.2533,0.2733,4721333.3,3.946,2.687,0.2637,30
wi,12,29,-6.99,0.4067,5476333.3,4.0405,2.6499,0.1807,30
wi,12,30,-8.0033,-1.09,4690333.3,3.8079,2.5242,0.089,30
wi,12,31,-7.54,-1.6333,5305333.3,3.6531,2.6307,0.1113,30
ks,1,1,-6.2067,3.3067,8520333.3,3.7097,2.9324,0.055,30
ks,1,2,-7.3233,4.2533,9093666.7,3.7976,2.5982,0.024,30
ks,1,3,-6.5433,4.9133,8656666.7,3.8833,2.8391,0.0467,30
ks,1,4,-6.2333,4.13,9027333.3,3.6961,2.9863,0.0807,30
ks,1,5,-6.39,4.3233,8606333.3,3.6393,2.9913,0.0597,30
ks,1,6,-7.0,3.7267,9060666.7,3.6862,2.8283,0.0307,30
ks,1,7,-6.5033,4.5367,9004666.7,3.5089,2.8338,0.033,30
ks,1,8,-4.9267,6.3433,9444666.7,3.9878,2.8041,0.081,30
ks,1,9,-4.9267,5.9833,9837333.3,3.969,2.8647,0.037,30
ks,1,10,-4.73,6.4,9035666.7,4.0447,2.9789,0.0593,30
ks,1,11,-4.7333,6.8233,9317000.0,4.0777,3.0265,0.0657,30
ks,1,12,-6.0533,4.4233,9225333.3,3.5989,3.0778,0.0813,30
ks,1,13,-6.91,4.6133,9757666.7,3.4169,2.5797,0.0213,30
ks,1,14,-5.0033,5.5667,9874000.0,3.6574,2.7541,0.01,30
ks,1,15,-5.5667,4.8867,9586666.7,3.6471,2.9545,0.0703,30
ks,1,16,-6.2067,5.06,9275666.7,3.8517,2.9913,0.09,30
ks,1,17,-5.48,5.8867,9997000.0,3.8995,2.8501,0.0587,30
ks,1,18,-4.9433,7.33,9933666.7,3.7752,3.1087,0.0767,30
ks,1,19,-5.2867,6.45,9968000.0,3.7467,2.9449,0.016,30
ks,1,20,-5.3933,5.68,9862000.0,3.968,2.5005,0.0447,30
ks,1,21,-5.38,5.7967,9750333.3,4.0411,2.7265,0.0747,30
ks,1,22,-4.6367,5.7933,9813666.7,4.0578,2.9748,0.0907,30
ks,1,23,-6.23,5.9567,10684333.3,3.7657,2.8925,0.0193,30
ks,1,24,-5.2233,6.8533,10840000.0,3.894,2.7486,0.0113,30
ks,1,25,-4.7,6.58,9869333.3,3.8361,2.8961,0.0967,30
ks,1,26,-4.3467,6.4467,10298333.3,3.8769,3.1798,0.0497,30
ks,1,27,-4.8967,7.5467,10683666.7,4.0191,2.874,0.0737,30
ks,1,28,-4.4433,7.5833,10537333.3,4.2146,2.898,0.1263,30
ks,1,29,-5.33,6.8133,10668000.0,3.8676,2.7742,0.0483,30
ks,1,30,-5.5533,6.0067,10704000.0,3.8979,2.8618,0.1343,30
ks,1,31,-4.3033,6.05,10066000.0,4.1508,2.8295,0.1637,30
ks,2,1,-4.7867,6.3867,10925000.0,4.162,2.6715,0.1583,30
ks,2,2,-5.7567,6.8867,12121333.3,4.1769,2.8261,0.07,30
ks,2,3,-4.2567,6.65,11082666.7,4.5103,3.0699,0.1637,30
ks,2,4,-5.6067,6.7833,10942000.0,4.0742,3.0962,0.1947,30
ks,2,5,-5.0167,6.4567,11714666.7,3.9525,2.7392,0.0447,30
ks,2,6,-4.3833,6.7133,10655666.7,4.4966,2.6631,0.1327,30
ks,2,7,-5.0633,6.33,12417666.7,4.2944,2.67,0.0847,30
ks,2,8,-5.0833,6.6033,11820000.0,4.09,2.938,0.0793,30
ks,2,9,-4.1567,6.2433,12288333.3,4.1703,3.1724,0.1843,30
ks,2,10,-4.68,5.98,12764000.0,4.0859,3.1846,0.023,30
ks,2,11,-5.3333,5.9033,13467666.7,3.8773,3.1355,0.0393,30
ks,2,12,-5.5067,4.9633,12569333.3,3.7209,2.6954,0.0493,30
ks,2,13,-4.9433,8.01,12673666.7,3.9287,2.7742,0.089,30
ks,2,14,-3.8467,8.6867,12872000.0,4.3675,3.1465,0.0693,30
ks,2,15,-4.4233,7.2567,13068666.7,3.9959,3.2784,0.0243,30
ks,2,16,-5.7933,7.6533,13611333.3,3.824,2.8989,0.0367,30
ks,2,17,-3.2933,10.0767,14656000.0,4.2577,3.153,0.0643,30
ks,2,18,-1.8933,11.0967,13702000.0,4.2904,3.3939,0.059,30
ks,2,19,-1.71,11.1,13449000.0,4.9661,2.6832,0.0707,30
ks,2,20,-1.05,11.4567,13999000.0,5.2233,2.9882,0.1307,30
ks,2,21,-2.6733,10.7033,14023333.3,4.6517,3.0447,0.1703,30
ks,2,22,-2.3633,11.47,14083000.0,4.775,2.9485,0.0397,30
ks,2,23,-2.21,9.5733,13584333.3,4.8629,3.1511,0.291,30
ks,2,24,-3.5333,9.4533,14546333.3,4.5197,3.1784,0.2887,30
ks,2,25,-3.36,9.25,14776333.3,4.3192,3.3067,0.1473,30
ks,2,26,-4.04,9.5,15713333.3,4.3486,3.0275,0.052,30
ks,2,27,-4.0867,9.7033,15051666.7,4.2078,3.0443,0.1103,30
ks,2,28,-2.7533,9.38,14601000.0,4.35,3.2962,0.022,30
ks,3,1,-3.2533,10.27,15763666.7,4.09,3.1154,0.083,30
ks,3,2,-3.43,9.3833,15846000.0,4.0625,3.1077,0.111,30
ks,3,3,-3.2633,9.9967,17737333.3,4.2443,3.005,0.1203,30
ks,3,4,-2.2333,12.7767,15615666.7,4.736,3.2392,0.065,30
ks,3,5,-0.72,12.3833,17473333.3,5.0595,3.4274,0.0797,30
ks,3,6,-0.7567,13.75,16811666.7,4.8777,3.4542,0.0443,30
ks,3,7,0.28,12.49,15936000.0,5.4947,3.7451,0.0833,30
ks,3,8,-1.2267,11.3067,14806333.3,5.4441,3.38,0.2713,30
ks,3,9,-0.86,12.2933,17283000.0,5.6057,3.3675,0.09,30
ks,3,10,-0.9867,13.91,17710333.3,4.9606,3.1604,0.056,30
ks,3,11,-0.1233,13.0633,16846333.3,5.05,3.2404,0.1573,30
ks,3,12,0.8767,14.7667,16078333.3,5.9501,3.2356,0.1233,30
ks,3,13,1.3067,14.9967,15387666.7,6.4501,3.034,0.1803,30
ks,3,14,1.7767,14.8833,16498000.0,6.3472,3.2186,0.2083,30
ks,3,15,2.0433,14.81,16712333.3,6.2827,3.3239,0.145,30
ks,3,16,1.5367,16.24,17208666.7,6.1571,3.4192,0.0653,30
ks,3,17,2.51,15.0833,16416666.7,6.5022,3.2406,0.1713,30
ks,3,18,2.19,13.8133,15630666.7,6.6219,3.3208,0.2357,30
ks,3,19,1.8533,14.5067,14842333.3,6.6928,3.2332,0.31,30
ks,3,20,1.64,16.3833,18925666.7,6.1492,3.4762,0.166,30
ks,3,21,2.4833,16.9867,18819333.3,6.4957,3.3826,0.1403,30
ks,3,22,2.9567,15.6433,16713666.7,6.8885,3.0759,0.2683,30
ks,3,23,3.3633,15.9667,17756000.0,7.0824,3.4571,0.2343,30
ks,3,24,3.1267,15.98,16493000.0,7.4996,3.7947,0.146,30
ks,3,25,2.3667,13.54,17014000.0,7.0761,3.2998,0.078,30
ks,3,26,2.4967,15.1533,18270666.7,7.1085,3.3419,0.058,30
ks,3,27,3.4867,15.3033,15815333.3,7.2317,3.7561,0.264,30
ks,3,28,2.4667,16.12,19942666.7,6.9327,3.0852,0.1187,30
ks,3,29,4.6967,17.1067,17977333.3,7.399,3.538,0.2967,30
ks,3,30,4.2967,18.0933,19275666.7,7.2993,3.6558,0.1603,30
ks,3,31,4.0867,16.7933,20712333.3,6.6516,3.4839,0.2343,30
ks,4,1,3.7333,18.28,20561666.7,6.6573,3.4293,0.0387,30
ks,4,2,4.7733,20.2633,20283666.7,7.1619,3.6079,0.1067,30
ks,4,3,5.0567,18.01,18593000.0,7.1206,3.7422,0.2337,30
ks,4,4,2.8767,17.8467,20983333.3,6.5259,3.0313,0.1493,30
ks,4,5,5.2533,19.8833,20585000.0,7.3908,3.9151,0.1727,30
ks,4,6,6.8367,19.08,19926666.7,8.0493,4.1821,0.189,30
ks,4,7,4.9233,18.34,19749666.7,7.2699,3.7717,0.384,30
ks,4,8,3.9033,18.4433,21006666.7,7.014,3.2844,0.097,30
ks,4,9,4.4767,20.2067,19582666.7,7.5402,3.3752,0.0953,30
ks,4,10,6.41,19.2,20031000.0,7.4624,3.8713,0.3297,30
ks,4,11,5.34,19.1933,21642000.0,6.9495,4.0822,0.1507,30
ks,4,12,4.93,20.1867,21905666.7,7.4023,3.8208,0.126,30
ks,4,13,5.4633,20.45,20995000.0,7.6993,3.6091,0.1807,30
ks,4,14,6.2967,20.5067,21429333.3,8.3789,3.907,0.2837,30
ks,4,15,7.1267,20.7267,21721333.3,8.4069,4.3523,0.1287,30
ks,4,16,7.1667,19.5833,20123000.0,8.354,4.0564,0.392,30
ks,4,17,5.9667,19.8067,20424000.0,8.2517,3.1228,0.4543,30
ks,4,18,7.4567,21.49,23000000.0,8.999,3.9197,0.234,30
ks,4,19,7.2667,20.6767,22539000.0,8.6318,3.5076,0.0913,30
ks,4,20,7.5467,20.1933,20962333.3,8.6652,3.5418,0.282,30
ks,4,21,7.4033,20.9533,21967666.7,8.5862,2.8965,0.136,30
ks,4,22,7.65,20.91,20751666.7,9.1846,3.4374,0.2703,30
ks,4,23,7.3667,20.33,20723333.3,8.7301,3.3869,0.27,30
ks,4,24,8.4467,21.4,20219666.7,9.5951,3.3862,0.273,30
ks,4,25,7.7267,20.5733,18839333.3,9.0804,3.6448,0.206,30
ks,4,26,7.3967,20.3667,19584000.0,8.8661,3.2562,0.172,30
ks,4,27,7.8867,21.22,21353000.0,9.0699,3.4451,0.312,30
ks,4,28,7.8433,20.72,20427666.7,9.4429,3.4901,0.234,30
ks,4,29,8.73,21.0233,19426666.7,9.9694,3.8914,0.3813,30
ks,4,30,9.1533,21.3967,20244666.7,9.8587,3.76,0.5017,30
ks,5,1,8.6467,20.8233,19242333.3,9.7066,3.3414,0.4183,30
ks,5,2,8.29,20.6533,21835000.0,9.9608,3.3302,0.3573,30
ks,5,3,8.4433,21.02,21279000.0,10.1965,2.7215,0.2137,30
ks,5,4,10.0433,22.6667,21788333.3,10.9965,3.2514,0.413,30
ks,5,5,10.35,22.7867,22199666.7,11.5173,3.1542,0.305,30
ks,5,6,11.8367,24.4867,20067000.0,12.6062,3.2998,0.3337,30
ks,5,7,12.4767,24.4567,21795333.3,12.6813,3.4008,0.375,30
ks,5,8,12.6033,25.4267,24469333.3,12.7121,3.4463,0.3037,30
ks,5,9,11.43,24.1833,23241000.0,11.3943,3.1642,0.3063,30
ks,5,10,11.4033,24.2767,21765000.0,11.9089,3.3103,0.3327,30
ks,5,11,11.8833,23.7833,22830666.7,12.3978,3.4968,0.3147,30
ks,5,12,10.3967,22.3833,21289000.0,11.4108,3.1819,0.5523,30
ks,5,13,10.0667,23.5233,22769000.0,11.4364,3.2911,0.3203,30
ks,5,14,11.1167,24.4267,24225333.3,12.0754,3.0878,0.154,30
ks,5,15,12.5533,24.6767,23120333.3,13.25,3.1724,0.414,30
ks,5,16,12.7267,24.9567,22366000.0,13.6847,3.0594,0.4107,30
ks,5,17,13.13,26.0567,24058000.0,13.3412,3.5423,0.2993,30
ks,5,18,13.1133,25.99,23924000.0,13.2769,3.2128,0.237,30
ks,5,19,13.58,25.89,21039333.3,14.0317,3.4156,0.8247,30
ks,5,20,12.8233,24.2567,21481333.3,13.3403,3.2131,0.4153,30
ks,5,21,12.2667,25.3033,24231000.0,13.2392,3.2789,0.2693,30
ks,5,22,14.15,26.34,22520666.7,14.2345,3.5287,0.265,30
ks,5,23,14.9967,26.1233,20709333.3,15.574,3.5526,0.6077,30
ks,5,24,14.7267,25.8633,20559333.3,15.5444,3.2272,0.8467,30
ks,5,25,13.99,25.4333,21458333.3,15.2039,3.0565,0.3717,30
ks,5,26,14.3667,25.9133,22463000.0,15.777,2.8848,0.4143,30
ks,5,27,14.8333,26.2767,22553666.7,15.648,3.1092,0.389,30
ks,5,28,14.8167,26.9933,24262666.7,15.2222,3.1051,0.1193,30
ks,5,29,15.54,28.3367,24445333.3,15.8096,3.096,0.2147,30
ks,5,30,16.04,28.0867,23274666.7,15.7863,3.5267,0.5233,30
ks,5,31,14.9467,27.0133,23123666.7,15.4118,2.5742,0.6733,30
ks,6,1,15.5167,27.5133,23756333.3,15.7341,2.9044,0.405,30
ks,6,2,15.14,27.9233,25135666.7,15.6406,2.8276,0.4827,30
ks,6,3,15.8767,28.0633,23534000.0,16.0203,2.959,0.294,30
ks,6,4,16.4467,28.0567,22263000.0,17.1729,2.83,0.4723,30
ks,6,5,16.3833,28.4,23840666.7,16.6383,2.9121,0.66,30
ks,6,6,16.9833,29.7467,26126000.0,16.6946,2.8597,0.1417,30
ks,6,7,17.9467,30.0667,25860000.0,17.1246,3.4226,0.0907,30
ks,6,8,17.6233,30.01,25947333.3,17.2971,3.5076,0.2817,30
ks,6,9,17.0133,29.5733,23960666.7,17.1665,3.492,0.4063,30
ks,6,10,17.7,29.6633,23415666.7,18.2012,3.4911,0.356,30
ks,6,11,18.43,30.71,25561000.0,18.414,3.4204,0.1933,30
ks,6,12,17.9033,30.18,23813000.0,18.3137,2.8439,0.8177,30
ks,6,13,17.9,30.49,25330000.0,17.6901,3.1506,0.2727,30
ks,6,14,18.0133,30.8833,25917666.7,17.3344,3.3725,0.228,30
ks,6,15,18.2533,31.2233,25163333.3,17.4618,3.0689,0.493,30
ks,6,16,18.5767,30.9833,25398333.3,18.3553,3.067,0.5973,30
ks,6,17,19.2667,31.5267,25907666.7,18.8254,3.4331,0.1027,30
ks,6,18,19.5033,31.2667,24268000.0,18.7985,3.4906,0.2613,30
ks,6,19,19.2867,30.8167,22681666.7,19.3308,3.2289,0.2937,30
ks,6,20,20.52,32.22,24546000.0,20.1879,3.4913,0.195,30
ks,6,21,20.0033,31.91,26177000.0,19.2113,3.6407,0.2307,30
ks,6,22,19.87,32.0567,26052666.7,19.2378,3.3179,0.1627,30
ks,6,23,19.5667,32.2833,25671666.7,19.5008,3.2365,0.2363,30
ks,6,24,20.5967,32.5067,25651666.7,19.4392,3.3278,0.321,30
ks,6,25,20.54,32.6267,26066333.3,18.912,3.4156,0.1847,30
ks,6,26,19.45,32.29,25495000.0,18.7331,2.9669,0.318,30
ks,6,27,20.1733,32.51,25102000.0,18.9851,3.0538,0.137,30
ks,6,28,19.8833,32.7767,26205000.0,18.8756,3.1295,0.14,30
ks,6,29,20.02,32.8533,25250000.0,18.3973,3.1578,0.2827,30
ks,6,30,19.8733,32.39,25104666.7,18.8311,2.9195,0.2457,30
ks,7,1,19.2967,32.13,25080000.0,18.544,2.857,0.151,30
ks,7,2,20.2733,32.1533,24142333.3,19.4879,2.9763,0.2957,30
ks,7,3,20.5467,32.2967,24346000.0,20.0401,3.1566,0.255,30
ks,7,4,19.9167,32.51,25776666.7,19.7397,3.1422,0.2623,30
ks,7,5,20.4367,32.72,25748666.7,20.1587,3.0471,0.1623,30
ks,7,6,20.4667,33.0833,25640333.3,19.7501,2.7428,0.1093,30
ks,7,7,21.0033,32.6767,25218333.3,20.1926,3.0088,0.3193,30
ks,7,8,20.5967,32.7567,25504666.7,20.3256,2.9205,0.276,30
ks,7,9,20.6567,33.0667,24666666.7,20.6696,2.75,0.1653,30
ks,7,10,20.77,33.2467,26081666.7,20.3733,2.8853,0.2377,30
ks,7,11,21.0067,33.36,25970666.7,20.2713,2.9693,0.161,30
ks,7,12,20.8,33.9333,25623000.0,19.9785,2.6913,0.094,30
ks,7,13,20.9,34.0267,26192000.0,20.319,2.7181,0.0847,30
ks,7,14,21.2767,34.1233,25592666.7,20.89,2.7519,0.3833,30
ks,7,15,21.0567,33.9133,25366000.0,20.5765,2.522,0.2223,30
ks,7,16,21.4133,33.65,24780000.0,21.2006,2.6588,0.216,30
ks,7,17,21.82,34.06,25485333.3,21.2144,2.9645,0.237,30
ks,7,18,22.0233,34.3233,25270666.7,20.6746,3.0651,0.1043,30
ks,7,19,22.2633,35.12,25667000.0,20.6806,3.0043,0.068,30
ks,7,20,22.57,34.93,25913333.3,20.8549,3.0177,0.5613,30
ks,7,21,21.8167,34.15,25369000.0,20.2601,3.0294,0.2037,30
ks,7,22,21.3833,34.1533,25083333.3,19.9138,2.7407,0.3057,30
ks,7,23,20.8867,33.5967,25790333.3,19.857,2.6353,0.226,30
ks,7,24,21.45,34.1067,24902666.7,20.1087,3.0093,0.1797,30
ks,7,25,21.7333,34.1,24012333.3,20.2495,3.2698,0.195,30
ks,7,26,21.15,33.7133,23377333.3,20.9917,2.7773,0.368,30
ks,7,27,20.9267,33.42,24224666.7,20.4158,2.7617,0.166,30
ks,7,28,20.8033,32.9467,22659333.3,20.6689,2.4938,0.4297,30
ks,7,29,20.2333,31.92,21794666.7,20.6311,2.4296,0.4177,30
ks,7,30,20.51,31.97,21857666.7,20.0425,2.6604,0.288,30
ks,7,31,20.3967,32.9333,24075333.3,20.1089,2.7148,0.1003,30
ks,8,1,20.4467,33.07,24300333.3,20.1137,2.7617,0.3337,30
ks,8,2,20.8433,33.1167,23886000.0,19.8994,2.6839,0.17,30
ks,8,3,21.2367,33.3367,24075666.7,21.1474,2.6157,0.1247,30
ks,8,4,21.0,33.2933,22930333.3,20.7686,2.8958,0.2053,30
ks,8,5,20.4533,32.9767,23628333.3,20.2969,2.7332,0.1963,30
ks,8,6,20.7333,32.5333,22784000.0,20.3378,2.6585,0.2187,30
ks,8,7,20.69,32.8167,22598666.7,20.9687,2.5965,0.213,30
ks,8,8,20.34,33.1033,22848333.3,20.3295,2.7366,0.3653,30
ks,8,9,20.4767,32.6133,22877333.3,20.2814,2.4354,0.187,30
ks,8,10,20.0967,31.4833,20763333.3,20.7309,2.303,0.2727,30
ks,8,11,19.5133,31.5167,22998333.3,19.8683,2.5328,0.2097,30
ks,8,12,19.5967,31.6967,22930000.0,19.6301,2.5127,0.2177,30
ks,8,13,19.0167,31.0833,21785000.0,19.3703,2.6202,0.6617,30
ks,8,14,18.8533,30.75,22357000.0,18.9686,2.6458,0.4427,30
ks,8,15,19.4933,31.4167,22534000.0,19.3508,2.777,0.1617,30
ks,8,16,19.8433,31.7567,21590000.0,20.0004,2.6897,0.296,30
ks,8,17,19.3567,31.4067,21715333.3,19.8851,2.6351,0.169,30
ks,8,18,19.0167,31.3133,22104000.0,19.4441,2.5671,0.0943,30
ks,8,19,19.0867,31.7233,21011333.3,19.7051,2.7955,0.4433,30
ks,8,20,18.9533,31.66,22616333.3,19.0656,2.6961,0.1767,30
ks,8,21,19.5233,32.0867,22602666.7,18.748,2.7926,0.1173,30
ks,8,22,19.8933,32.0067,22101666.7,19.1896,2.9985,0.2767,30
ks,8,23,20.0467,32.7867,22178666.7,19.5002,3.0708,0.2213,30
ks,8,24,19.6267,32.8367,21630000.0,19.5852,2.891,0.5933,30
ks,8,25,19.4167,32.1167,22384000.0,19.4205,2.6001,0.45,30
ks,8,26,19.8433,32.5233,21667333.3,19.4707,2.7284,0.101,30
ks,8,27,19.8567,32.4767,22088333.3,19.6615,2.7696,0.0997,30
ks,8,28,19.6767,32.3867,22487000.0,19.1444,2.9178,0.1387,30
ks,8,29,18.7133,31.6033,21350000.0,18.5825,2.6885,0.1597,30
ks,8,30,18.3833,31.0,20948333.3,18.5196,2.4639,0.309,30
ks,8,31,18.9033,31.1133,20713000.0,18.2708,2.8108,0.149,30
ks,9,1,18.51,31.23,21132333.3,18.1405,2.8577,0.1357,30
ks,9,2,18.5233,31.62,20746333.3,17.7921,2.9906,0.064,30
ks,9,3,18.1333,31.0767,21475333.3,17.004,2.8925,0.188,30
ks,9,4,17.66,31.02,22156333.3,17.0956,3.0447,0.2327,30
ks,9,5,17.45,30.6667,20885000.0,17.2542,3.0883,0.1043,30
ks,9,6,17.38,30.5133,20984666.7,16.578,3.0651,0.0587,30
ks,9,7,17.44,30.6233,19903000.0,16.2817,2.7294,0.098,30
ks,9,8,15.92,28.88,18713666.7,15.5075,2.9044,0.283,30
ks,9,9,15.6367,27.98,18949666.7,15.082,3.1429,0.2247,30
ks,9,10,15.8967,28.4567,17931666.7,15.0798,3.2914,0.2233,30
ks,9,11,15.4233,28.31,18321000.0,14.6307,3.181,0.3333,30
ks,9,12,15.5067,27.7667,18082666.7,14.9999,3.0538,0.3297,30
ks,9,13,14.9067,28.36,18632333.3,15.0916,2.932,0.172,30
ks,9,14,15.3267,27.67,18042333.3,14.9153,3.227,0.1023,30
ks,9,15,15.4633,27.05,17379000.0,15.551,3.1738,0.3147,30
ks,9,16,15.57,27.2467,17548666.7,15.9557,2.9928,0.1303,30
ks,9,17,15.7,28.5533,18320000.0,16.0652,3.3227,0.1697,30
ks,9,18,16.5533,28.95,17263333.3,16.9123,3.476,0.44,30
ks,9,19,15.98,28.64,18420666.7,15.9751,3.4188,0.146,30
ks,9,20,15.1467,27.9233,18392666.7,14.843,3.5387,0.0743,30
ks,9,21,14.63,26.9367,16446666.7,14.7403,3.5296,0.2903,30
ks,9,22,13.5,25.1567,17151666.7,14.0159,3.3292,0.1843,30
ks,9,23,13.3833,25.3667,16124333.3,13.8951,3.3984,0.2043,30
ks,9,24,13.4733,25.7733,16298333.3,13.8309,2.9966,0.244,30
ks,9,25,11.9933,25.9433,17516333.3,13.3502,2.6621,0.306,30
ks,9,26,11.8067,26.1833,18464666.7,12.1847,2.7715,0.139,30
ks,9,27,12.4633,26.7333,17906333.3,12.1974,2.8656,0.0217,30
ks,9,28,11.9967,25.9633,16624333.3,12.1553,2.8846,0.063,30
ks,9,29,12.23,26.0967,17110333.3,12.0343,2.9787,0.0317,30
ks,9,30,13.1333,26.52,16702333.3,12.3837,3.3282,0.1137,30
ks,10,1,12.3933,25.8333,16289333.3,11.7772,3.2483,0.1407,30
ks,10,2,11.51,25.07,15862666.7,11.6452,3.3088,0.2743,30
ks,10,3,11.6167,24.7133,16473666.7,11.2229,3.3124,0.1243,30
ks,10,4,11.02,24.33,14749000.0,11.3957,3.4592,0.2547,30
ks,10,5,10.8933,23.2833,14767333.3,11.1195,3.5528,0.189,30
ks,10,6,10.5167,22.49,14241666.7,11.0235,3.3979,0.2303,30
ks,10,7,8.9233,22.3267,15239666.7,10.4623,3.1218,0.2853,30
ks,10,8,9.7367,23.5267,15210000.0,10.7541,3.2023,0.339,30
ks,10,9,9.7233,22.69,14627000.0,10.8839,3.1025,0.369,30
ks,10,10,8.5133,21.2233,13287666.7,10.5821,3.1417,0.2193,30
ks,10,11,9.8133,21.5567,14579333.3,11.2538,3.4326,0.1063,30
ks,10,12,9.3633,21.9433,13820333.3,10.4744,3.6024,0.1597,30
ks,10,13,7.8867,20.7533,13989333.3,9.4019,3.3905,0.2123,30
ks,10,14,7.5033,20.8033,13778333.3,8.9585,3.0682,0.2077,30
ks,10,15,7.9433,20.4,14875666.7,8.8784,3.0826,0.207,30
ks,10,16,6.8767,20.2133,14737666.7,8.781,2.8065,0.0717,30
ks,10,17,7.7167,21.0567,14834666.7,8.352,3.2722,0.0373,30
ks,10,18,7.2633,20.6633,14520333.3,8.1624,3.4875,0.042,30
ks,10,19,7.4233,21.5,15190000.0,8.4356,3.2291,0.0357,30
ks,10,20,8.0133,21.6467,13986333.3,8.6826,3.0067,0.108,30
ks,10,21,7.6767,20.9667,11759000.0,9.1055,2.9873,0.09,30
ks,10,22,7.2433,20.9733,11499666.7,9.3745,3.1989,0.1947,30
ks,10,23,7.2467,19.86,13073666.7,9.164,3.4841,0.1197,30
ks,10,24,7.0167,18.6033,12157666.7,8.6831,3.1949,0.137,30
ks,10,25,6.0267,18.1933,11783000.0,8.4892,3.0304,0.301,30
ks,10,26,5.36,17.4333,12823666.7,8.144,3.1508,0.159,30
ks,10,27,4.56,17.0,12119333.3,7.4572,3.1738,0.1607,30
ks,10,28,5.6233,17.3533,12100000.0,7.7359,3.2322,0.0653,30
ks,10,29,6.3433,19.18,12292666.7,8.0402,3.4975,0.215,30
ks,10,30,5.9067,17.7033,10971000.0,7.6812,3.345,0.144,30
ks,10,31,4.1333,15.8733,11297333.3,7.0894,3.0831,0.1203,30
ks,11,1,3.8733,16.2967,11747666.7,7.0429,2.8482,0.247,30
ks,11,2,4.0233,15.3233,10713333.3,7.0685,3.1946,0.2057,30
ks,11,3,4.4067,16.5833,11066333.3,7.3611,3.3448,0.0767,30
ks,11,4,3.9533,16.3533,11617333.3,7.2859,2.9875,0.091,30
ks,11,5,4.6333,16.82,11716000.0,7.7579,3.2574,0.0993,30
ks,11,6,3.5867,16.2467,11755333.3,6.9401,3.017,0.0387,30
ks,11,7,3.08,15.8633,11552333.3,6.6826,2.9463,0.1357,30
ks,11,8,4.22,15.9833,10359666.7,7.2103,3.2509,0.2107,30
ks,11,9,4.2,16.5033,10484000.0,7.3103,3.2121,0.0857,30
ks,11,10,2.5333,15.26,10645333.3,6.6382,3.3249,0.2043,30
ks,11,11,0.7633,12.5,10007000.0,6.2768,3.1882,0.0967,30
ks,11,12,0.7167,11.2867,10174666.7,5.9596,3.1537,0.18,30
ks,11,13,0.2333,12.7433,10286333.3,5.5629,2.977,0.0103,30
ks,11,14,2.0333,13.2467,9646333.3,6.1239,3.0158,0.038,30
ks,11,15,1.3767,13.8167,9768333.3,6.2981,3.2444,0.1143,30
ks,11,16,1.39,14.73,10223000.0,6.6017,3.2519,0.2043,30
ks,11,17,2.5667,14.1567,9814000.0,6.4767,3.2868,0.1157,30
ks,11,18,1.3367,14.1167,10414000.0,5.8078,3.2092,0.1427,30
ks,11,19,1.82,14.13,10404333.3,5.5208,3.1537,0.045,30
ks,11,20,1.16,13.2567,9690000.0,5.6437,2.9207,0.059,30
ks,11,21,-0.2233,12.1367,9462333.3,5.3877,3.0028,0.0453,30
ks,11,22,0.07,12.08,9352333.3,5.7254,2.7299,0.069,30
ks,11,23,0.3333,11.9933,8926000.0,5.937,2.9911,0.086,30
ks,11,24,-0.0867,11.7733,9380000.0,5.4308,3.4492,0.065,30
ks,11,25,-1.5067,10.5267,9732333.3,4.7903,2.9145,0.1467,30
ks,11,26,-1.2667,11.18,9490333.3,4.8938,2.9856,0.0697,30
ks,11,27,-1.6133,10.0333,9005666.7,4.9823,3.2207,0.1213,30
ks,11,28,-1.4233,9.8933,8899333.3,5.0651,3.1614,0.0937,30
ks,11,29,-1.17,10.04,8497333.3,5.0142,3.1403,0.1073,30
ks,11,30,-2.3667,9.0767,9119333.3,4.4985,3.1307,0.07,30
ks,12,1,-2.6633,9.5867,9004000.0,4.5912,3.1683,0.1143,30
ks,12,2,-1.2433,10.3167,8658000.0,4.8806,2.9765,0.0207,30
ks,12,3,-2.1667,8.9767,8391000.0,4.851,2.8518,0.1303,30
ks,12,4,-1.9767,9.5267,9285000.0,4.9453,2.9181,0.0407,30
ks,12,5,-2.8433,8.1833,9005000.0,4.431,3.1436,0.0737,30
ks,12,6,-3.9167,6.9933,8781000.0,3.9199,2.6442,0.038,30
ks,12,7,-4.3333,6.8967,8575333.3,4.0077,2.5814,0.015,30
ks,12,8,-3.8533,7.0,8306666.7,4.3829,2.3865,0.0667,30
ks,12,9,-4.2733,7.0633,8898333.3,4.1417,2.9909,0.0863,30
ks,12,10,-5.0833,7.3367,8975000.0,3.8872,2.8891,0.0037,30
ks,12,11,-3.66,7.25,8524000.0,4.2365,2.9626,0.1443,30
ks,12,12,-3.51,6.4467,8042333.3,4.6711,2.772,0.0303,30
ks,12,13,-2.6067,7.4633,7994333.3,4.7206,2.8795,0.2097,30
ks,12,14,-3.3567,7.6567,7959333.3,4.8455,3.0491,0.19,30
ks,12,15,-3.1067,6.9267,8397333.3,4.4755,3.4379,0.1863,30
ks,12,16,-3.9267,6.7267,9000666.7,4.0609,2.9897,0.0243,30
ks,12,17,-4.49,6.7233,8452333.3,4.0126,2.6013,0.043,30
ks,12,18,-4.4867,6.02,8569000.0,4.1388,2.9947,0.0847,30
ks,12,19,-4.6433,5.98,8413333.3,4.1724,2.8867,0.0617,30
ks,12,20,-4.2933,5.9833,8245333.3,4.0598,3.1501,0.192,30
ks,12,21,-4.7133,4.97,7366666.7,4.3075,2.5273,0.059,30
ks,12,22,-5.55,4.7067,8174333.3,4.1164,3.0816,0.0757,30
ks,12,23,-6.1433,3.1433,7937666.7,3.9168,2.9937,0.063,30
ks,12,24,-6.7167,3.5,8853000.0,3.8186,2.9736,0.1183,30
ks,12,25,-5.5067,5.5167,7923000.0,3.9776,3.0742,0.0637,30
ks,12,26,-5.1867,6.0733,7842666.7,4.3579,3.0069,0.0923,30
ks,12,27,-4.9867,6.3333,8435000.0,4.0424,3.1606,0.12,30
ks,12,28,-4.1,6.7067,8603000.0,4.1577,2.8462,0.1607,30
ks,12,29,-4.59,6.5367,8241333.3,4.2195,2.9035,0.1053,30
ks,12,30,-3.56,7.37,9087666.7,4.2032,3.2437,0.1047,30
ks,12,31,-6.21,5.2067,8679333.3,3.6406,2.7835,0.066,30
mo,1,1,-4.79,4.55,7142666.7,4.4156,2.7964,0.193,30
mo,1,2,-4.7367,3.5967,7106000.0,5.2091,2.5956,0.1333,30
mo,1,3,-4.82,4.6033,7205333.3,5.0435,2.3267,0.1473,30
mo,1,4,-4.8767,3.6167,7560666.7,4.3907,2.6782,0.1857,30
mo,1,5,-5.4033,3.8067,7349666.7,4.2191,2.5659,0.2093,30
mo,1,6,-5.08,2.26,7582000.0,4.2137,2.501,0.082,30
mo,1,7,-5.5067,3.18,7815000.0,4.2452,2.54,0.1683,30
mo,1,8,-4.61,4.17,7193333.3,4.2819,2.5496,0.1573,30
mo,1,9,-4.2467,4.86,7834333.3,4.457,2.5912,0.119,30
mo,1,10,-4.36,4.8933,7401666.7,4.6819,2.5589,0.1447,30
mo,1,11,-3.38,6.1167,7049000.0,4.9734,2.5982,0.233,30
mo,1,12,-3.87,5.9567,7781666.7,4.8484,2.664,0.2037,30
mo,1,13,-6.3067,3.1967,8572333.3,3.8745,2.6264,0.1787,30
mo,1,14,-5.2267,2.7067,7373000.0,4.1945,2.3082,0.095,30
mo,1,15,-5.3733,3.01,7753666.7,4.0798,2.4971,0.1603,30
mo,1,16,-5.2467,3.2467,7914000.0,4.3083,2.5161,0.11,30
mo,1,17,-5.13,3.4833,7523666.7,4.4508,2.5556,0.1527,30
mo,1,18,-5.96,4.5933,8430000.0,4.1217,2.5642,0.3157,30
mo,1,19,-5.8367,3.6,8432000.0,3.9592,2.8297,0.1573,30
mo,1,20,-6.79,2.77,8594666.7,3.9797,2.2601,0.1097,30
mo,1,21,-5.7033,4.0733,8710666.7,4.2655,2.4414,0.064,30
mo,1,22,-3.85,4.47,7542000.0,4.5284,2.5182,0.12,30
mo,1,23,-4.96,3.26,8131333.3,4.3565,2.4765,0.2083,30
mo,1,24,-6.0133,3.9067,9344000.0,3.9959,2.2781,0.1313,30
mo,1,25,-5.4033,4.23,8233333.3,3.9602,2.6449,0.176,30
mo,1,26,-4.95,5.01,9067000.0,4.0863,2.5936,0.0753,30
mo,1,27,-4.3333,5.2933,9141666.7,4.3303,2.608,0.1277,30
mo,1,28,-4.3,5.24,9449666.7,4.6648,2.5807,0.1327,30
mo,1,29,-4.4833,5.9367,8901000.0,4.769,2.6516,0.2983,30
mo,1,30,-5.6267,3.36,9026000.0,4.0368,2.4397,0.2517,30
mo,1,31,-3.5733,5.1033,8639000.0,4.5481,2.4861,0.227,30
mo,2,1,-2.82,5.4567,8546000.0,4.8212,2.189,0.239,30
mo,2,2,-4.46,5.1667,10896666.7,4.5206,2.2876,0.1633,30
mo,2,3,-4.7467,5.36,10694333.3,4.4357,2.6624,0.133,30
mo,2,4,-5.2367,4.9033,9274000.0,4.2764,2.8142,0.1643,30
mo,2,5,-5.44,4.4333,10245666.7,3.8023,2.2919,0.1597,30
mo,2,6,-3.1967,5.9233,9722333.3,4.6685,2.0762,0.101,30
mo,2,7,-3.24,5.7733,9352666.7,5.1733,2.4143,0.2183,30
mo,2,8,-3.18,5.5,10660000.0,4.8857,2.3956,0.096,30
mo,2,9,-3.4267,5.46,10146666.7,4.5575,2.5163,0.3187,30
mo,2,10,-3.6367,5.1767,11330000.0,4.4958,2.6449,0.0703,30
mo,2,11,-4.8367,4.9333,10892666.7,4.3753,2.6693,0.284,30
mo,2,12,-4.93,4.0333,12141333.3,3.7908,2.3674,0.068,30
mo,2,13,-5.0433,5.3533,11695666.7,4.0348,2.2055,0.2013,30
mo,2,14,-2.4467,7.4167,11392666.7,4.8041,2.5086,0.128,30
mo,2,15,-2.84,6.7867,10110000.0,4.7952,2.779,0.1023,30
mo,2,16,-4.25,5.4167,11197333.3,4.4549,2.5766,0.2177,30
mo,2,17,-3.75,6.66,11803000.0,4.562,2.5953,0.378,30
mo,2,18,-3.0133,8.61,12614666.7,4.7094,2.7725,0.101,30
mo,2,19,-1.2733,8.5533,12230666.7,5.2103,2.5125,0.1133,30
mo,2,20,-0.23,10.93,11087333.3,6.0556,2.522,0.4213,30
mo,2,21,-0.4433,9.6167,11487000.0,5.6162,2.6286,0.486,30
mo,2,22,-0.5933,9.32,11840666.7,5.6517,2.403,0.13,30
mo,2,23,-0.4333,8.9233,12745333.3,5.5252,2.4775,0.1033,30
mo,2,24,-1.33,9.69,12169333.3,5.3503,2.852,0.413,30
mo,2,25,-1.5067,9.4667,13749000.0,5.0781,2.6841,0.1163,30
mo,2,26,-0.8733,9.5967,12558333.3,5.6961,2.5855,0.3987,30
mo,2,27,-1.5,9.9733,13589333.3,5.5442,2.5259,0.2233,30
mo,2,28,-0.8933,9.5367,13019333.3,5.2237,2.83,0.184,30
mo,3,1,-0.4967,10.28,13275666.7,5.6227,2.6602,0.1963,30
mo,3,2,-2.09,8.9967,14169666.7,4.9595,2.5151,0.1247,30
mo,3,3,-2.7833,8.4167,14388333.3,4.6297,2.721,0.1643,30
mo,3,4,-1.43,11.1567,14566000.0,5.282,2.399,0.1277,30
mo,3,5,0.58,11.6733,13350333.3,6.0519,2.887,0.392,30
mo,3,6,-0.0233,12.1167,16202000.0,5.7247,2.6877,0.0563,30
mo,3,7,2.0767,12.2767,14481666.7,6.2119,3.1214,0.1937,30
mo,3,8,1.1367,11.81,13335666.7,6.5061,2.8925,0.369,30
mo,3,9,0.94,11.8967,13178000.0,6.2838,2.8134,0.5727,30
mo,3,10,0.39,11.97,15816000.0,5.9575,2.6054,0.2437,30
mo,3,11,0.8833,12.73,15481666.7,5.9142,2.6252,0.197,30
mo,3,12,1.9767,13.0133,15453333.3,6.6707,2.5331,0.272,30
mo,3,13,3.1333,14.4267,13710000.0,7.2585,2.6353,0.1943,30
mo,3,14,3.4233,14.49,15063000.0,7.3108,2.647,0.2763,30
mo,3,15,3.2433,15.16,15757000.0,7.4079,2.3353,0.2687,30
mo,3,16,3.4167,15.3533,15023666.7,7.3039,2.6456,0.252,30
mo,3,17,4.1133,14.0633,14126000.0,7.4955,2.5642,0.2103,30
mo,3,18,3.5367,13.6333,12880666.7,7.2677,2.4981,0.4043,30
mo,3,19,3.16,12.9667,13517666.7,6.9878,2.6712,0.3383,30
mo,3,20,3.45,15.3467,16555666.7,7.096,2.772,0.2487,30
mo,3,21,3.6767,15.0833,17556666.7,6.9335,2.7538,0.2683,30
mo,3,22,3.7433,15.0067,15504333.3,7.179,2.4744,0.3077,30
mo,3,23,4.7767,14.7,14000666.7,7.7646,2.6051,0.317,30
mo,3,24,5.0467,14.5667,12599333.3,8.1922,3.0378,0.3833,30
mo,3,25,4.1867,13.7267,14755333.3,7.9149,2.8975,0.3613,30
mo,3,26,3.5367,13.9467,16953000.0,7.5724,2.5062,0.329,30
mo,3,27,4.46,15.0333,15449333.3,7.8183,2.8077,0.282,30
mo,3,28,4.92,14.8667,14904333.3,7.9992,2.5683,0.4497,30
mo,3,29,5.3367,16.3367,17544000.0,7.8466,2.6827,0.1483,30
mo,3,30,6.5733,17.86,16165000.0,8.6266,2.7153,0.3143,30
mo,3,31,6.61,17.0367,17244000.0,8.666,3.0234,0.376,30
mo,4,1,4.82,17.3067,19097000.0,7.4618,2.7311,0.098,30
mo,4,2,5.89,18.69,17617666.7,8.4561,2.6614,0.3767,30
mo,4,3,7.2233,18.9933,15667333.3,9.0796,2.9255,0.4713,30
mo,4,4,4.9533,17.5167,18521666.7,7.8346,2.8374,0.2187,30
mo,4,5,4.5567,18.02,18457333.3,8.1008,2.6535,0.312,30
mo,4,6,7.5367,18.3033,18203000.0,8.9114,3.2152,0.1623,30
mo,4,7,7.4567,18.2333,17919333.3,9.2897,2.8982,0.358,30
mo,4,8,5.9967,17.51,17522333.3,8.9325,2.71,0.4017,30
mo,4,9,6.1267,18.7367,20342000.0,8.5923,2.541,0.231,30
mo,4,10,7.9067,20.3267,17002666.7,9.16,2.887,0.546,30
mo,4,11,7.7033,19.87,18404666.7,8.6543,2.966,0.5733,30
mo,4,12,7.3433,18.4933,19147666.7,8.5462,3.1022,0.076,30
mo,4,13,6.76,19.3633,19851000.0,8.8,2.596,0.254,30
mo,4,14,7.9467,20.4167,20572333.3,9.2907,2.7589,0.277,30
mo,4,15,8.91,21.01,19162666.7,10.0304,2.9042,0.493,30
mo,4,16,9.2,19.8433,18058000.0,9.8761,3.2588,0.306,30
mo,4,17,8.19,19.4933,18842333.3,9.833,2.5683,0.166,30
mo,4,18,8.8267,21.4433,19350666.7,10.5972,2.7636,0.5343,30
mo,4,19,9.59,20.6833,19628666.7,10.6952,2.7016,0.2347,30
mo,4,20,8.7233,20.3067,17972333.3,10.0997,2.8201,0.4577,30
mo,4,21,8.43,19.53,20662333.3,9.7042,2.6363,0.2907,30
mo,4,22,8.96,20.4467,19347333.3,10.1581,2.5888,0.4983,30
mo,4,23,9.2,20.4033,18586666.7,10.0327,2.6288,0.2907,30
mo,4,24,9.3967,20.2367,18231333.3,10.5553,2.5333,0.6077,30
mo,4,25,10.0633,20.6033,17173000.0,10.9623,2.8355,0.7347,30
mo,4,26,9.2133,19.8333,19194666.7,10.2702,2.6422,0.3453,30
mo,4,27,9.5967,20.3267,17810333.3,10.3222,2.7883,0.4937,30
mo,4,28,9.93,19.9233,18724333.3,11.0496,2.5996,0.712,30
mo,4,29,9.8667,20.6167,17311000.0,11.2856,2.6566,0.7093,30
mo,4,30,11.01,21.92,18999666.7,12.0244,2.9638,0.7973,30
mo,5,1,11.2467,21.3267,17511666.7,11.9249,2.6427,0.5307,30
mo,5,2,10.62,21.22,18773666.7,11.8183,2.4071,0.3093,30
mo,5,3,10.6867,20.4233,18195333.3,11.9573,2.4246,0.443,30
mo,5,4,10.85,21.7867,20008000.0,12.0251,2.3408,0.344,30
mo,5,5,11.4767,23.23,21418333.3,12.7256,2.3245,0.335,30
mo,5,6,13.2733,23.94,19988000.0,13.7944,2.5177,0.281,30
mo,5,7,14.01,24.4067,19760000.0,14.694,2.4727,0.581,30
mo,5,8,14.19,24.2133,18990666.7,14.9051,2.7778,0.7633,30
mo,5,9,13.7667,24.3533,21861000.0,14.7237,2.7811,0.6577,30
mo,5,10,13.4,24.2833,20107333.3,14.6047,2.3499,0.289,30
mo,5,11,13.79,23.6833,19548000.0,14.6226,2.7464,0.4783,30
mo,5,12,12.66,23.4467,21183000.0,13.9116,2.5292,0.5243,30
mo,5,13,12.1867,23.6367,19845666.7,13.6079,2.3156,0.5723,30
mo,5,14,12.5367,23.04,22149333.3,13.4737,2.484,0.4147,30
mo,5,15,13.34,23.4533,19845666.7,14.3088,2.3616,0.5533,30
mo,5,16,13.5,24.0,21278000.0,14.8963,2.3853,0.3797,30
mo,5,17,14.2933,25.1033,21320000.0,15.0302,2.5132,0.4823,30
mo,5,18,14.4367,25.3333,22358666.7,14.6726,2.5201,0.337,30
mo,5,19,14.4533,26.0933,21687333.3,15.6099,2.365,0.6653,30
mo,5,20,15.09,24.62,19573000.0,15.4862,2.4854,0.5627,30
mo,5,21,13.7367,23.8,22502333.3,14.5919,2.4454,0.418,30
mo,5,22,13.9667,25.42,23313000.0,14.5961,2.3712,0.2203,30
mo,5,23,15.7167,26.0067,22448333.3,16.0841,2.4145,0.405,30
mo,5,24,16.19,25.7833,19401333.3,17.0356,2.4811,0.603,30
mo,5,25,15.86,25.7967,19929333.3,17.2905,2.286,0.8657,30
mo,5,26,16.18,26.07,19330666.7,17.6742,2.2244,0.7363,30
mo,5,27,16.6033,26.1767,20761333.3,18.1101,2.0918,0.6207,30
mo,5,28,16.45,26.1167,21006000.0,17.0805,2.308,0.31,30
mo,5,29,16.26,27.1233,24331000.0,16.7868,2.2043,0.2767,30
mo,5,30,17.1033,27.4033,23056333.3,17.7918,2.3645,0.5013,30
mo,5,31,17.3833,26.7667,19427000.0,17.913,2.2824,0.4763,30
mo,6,1,16.94,26.73,22293333.3,17.8871,2.1061,0.4777,30
mo,6,2,16.8267,27.2267,21779333.3,17.3709,2.0214,0.5027,30
mo,6,3,16.5767,26.9667,22378000.0,17.0576,2.1325,0.136,30
mo,6,4,17.3733,27.6267,21850666.7,18.1419,2.1919,0.4657,30
mo,6,5,17.3767,27.8567,23156333.3,18.2792,2.1602,0.189,30
mo,6,6,17.91,28.2233,22897333.3,18.3479,2.1643,0.4157,30
mo,6,7,18.3,28.9233,25106000.0,18.9285,2.1933,0.137,30
mo,6,8,18.4233,28.6667,23053666.7,18.8072,2.3329,0.5203,30
mo,6,9,18.01,28.6033,22247000.0,18.877,2.0848,0.8567,30
mo,6,10,19.16,28.9167,21879333.3,19.7259,2.3903,0.5947,30
mo,6,11,19.4033,28.3567,20573666.7,21.1416,2.2721,0.5223,30
mo,6,12,19.32,29.0767,22561666.7,20.9927,2.0257,0.4103,30
mo,6,13,18.9067,29.0467,25129000.0,19.8519,2.1001,0.4743,30
mo,6,14,18.84,29.38,24605666.7,19.3351,2.3911,0.3473,30
mo,6,15,19.6633,29.63,24006000.0,20.0168,2.4277,0.3103,30
mo,6,16,19.7733,29.9333,23791333.3,20.6139,2.0796,0.5957,30
mo,6,17,19.7933,29.9033,23569333.3,21.047,2.0405,0.2393,30
mo,6,18,20.5033,30.0267,23830666.7,20.9912,2.3051,0.425,30
mo,6,19,20.1333,29.9567,24398666.7,20.7206,2.1222,0.2623,30
mo,6,20,20.1967,30.43,24283666.7,21.7099,2.0456,0.3507,30
mo,6,21,20.6767,30.5067,23247000.0,22.2993,2.3188,0.4303,30
mo,6,22,20.6233,30.2433,24276000.0,22.0889,2.2072,0.298,30
mo,6,23,20.2367,30.5067,23692333.3,21.4304,2.0104,0.35,30
mo,6,24,20.23,30.3267,24543666.7,21.3261,2.0776,0.141,30
mo,6,25,21.1033,30.9933,24786333.3,22.2914,2.2472,0.3183,30
mo,6,26,20.3933,29.8733,23485666.7,21.7045,2.1418,0.6633,30
mo,6,27,19.9333,30.1133,23797000.0,21.215,1.9366,0.3137,30
mo,6,28,20.4067,30.0533,23376333.3,21.5166,2.0685,0.575,30
mo,6,29,20.5967,30.2033,24108000.0,21.4605,2.1708,0.4653,30
mo,6,30,20.5333,29.86,23362333.3,21.4268,2.0978,0.394,30
mo,7,1,20.15,29.77,23516333.3,21.4604,1.9481,0.4407,30
mo,7,2,20.0167,30.11,23548666.7,21.0098,2.0405,0.2643,30
mo,7,3,20.43,30.51,22429666.7,22.1576,1.9426,0.7457,30
mo,7,4,20.76,30.2967,22286000.0,23.0577,1.8844,0.6183,30
mo,7,5,20.8,30.7633,23963000.0,22.6825,1.9103,0.364,30
mo,7,6,21.2733,31.33,23998666.7,23.4742,1.7515,0.2643,30
mo,7,7,21.34,31.18,24044000.0,23.2141,1.7649,0.336,30
mo,7,8,21.23,30.9833,23715333.3,22.9298,1.8293,0.326,30
mo,7,9,21.43,31.1333,24882000.0,22.9446,1.8758,0.129,30
mo,7,10,21.1433,31.0867,24106333.3,22.8071,1.8346,0.2423,30
mo,7,11,21.31,31.2033,24246666.7,22.7714,1.9766,0.381,30
mo,7,12,21.3133,31.1667,22853333.3,23.1111,1.9333,0.409,30
mo,7,13,21.15,31.3467,25239000.0,22.9502,1.7376,0.3007,30
mo,7,14,21.3267,31.7267,25448000.0,23.0865,1.8389,0.186,30
mo,7,15,21.4267,31.6233,24364000.0,23.0763,1.8832,0.24,30
mo,7,16,21.53,31.5833,23650666.7,23.1285,1.6938,0.2663,30
mo,7,17,21.9967,32.0433,24369000.0,24.5329,1.8372,0.249,30
mo,7,18,22.4,31.81,23199000.0,24.3042,1.9644,0.0727,30
mo,7,19,22.1767,31.8767,22358000.0,24.6695,1.8236,0.293,30
mo,7,20,22.46,32.3467,23819333.3,24.8885,1.91,0.2557,30
mo,7,21,22.1267,31.8533,23059000.0,24.2591,1.8485,0.4597,30
mo,7,22,21.7367,31.8033,24234000.0,23.4543,1.792,0.106,30
mo,7,23,21.5067,31.8833,24463000.0,23.0643,1.7606,0.099,30
mo,7,24,21.17,31.7233,23789666.7,22.5624,1.7486,0.1173,30
mo,7,25,21.2133,31.7133,23539000.0,22.5152,1.8248,0.1717,30
mo,7,26,21.75,31.3233,21454666.7,23.2487,1.9634,0.2807,30
mo,7,27,21.6033,31.0767,22570666.7,23.5383,1.9045,0.2803,30
mo,7,28,21.0333,31.15,23064333.3,23.3734,1.7496,0.129,30
mo,7,29,21.09,30.6,21383000.0,23.0358,1.7491,0.303,30
mo,7,30,20.66,29.83,20655666.7,22.5166,1.6608,0.861,30
mo,7,31,20.36,30.4867,22590000.0,22.1277,1.6318,0.126,30
mo,8,1,20.7233,30.9367,22382333.3,22.6541,1.6967,0.2537,30
mo,8,2,21.1233,31.28,22331666.7,22.7723,1.8954,0.3483,30
mo,8,3,21.66,31.6167,22486000.0,24.1108,1.7441,0.245,30
mo,8,4,21.4633,31.5967,21784333.3,23.5024,1.8035,0.2437,30
mo,8,5,21.1,30.7667,21679333.3,22.9155,1.9404,0.1787,30
mo,8,6,21.09,30.7033,22738000.0,22.3612,1.8724,0.2523,30
mo,8,7,20.59,30.8633,22178000.0,22.4459,1.8672,0.352,30
mo,8,8,20.76,30.7067,21180666.7,22.5488,1.8698,0.207,30
mo,8,9,20.8533,31.0533,21590333.3,22.7468,1.7616,0.083,30
mo,8,10,20.69,30.9933,22044000.0,22.4154,1.6409,0.0563,30
mo,8,11,20.2567,30.3633,22383666.7,21.8028,1.7111,0.066,30
mo,8,12,20.28,30.39,20950333.3,22.0402,1.7956,0.2983,30
mo,8,13,19.79,29.9867,20229000.0,21.6256,1.8815,0.3223,30
mo,8,14,19.13,29.0867,20860000.0,20.6765,1.6735,0.272,30
mo,8,15,19.1633,29.66,21157000.0,20.9689,1.7563,0.215,30
mo,8,16,19.8933,30.03,21054000.0,21.4948,1.9926,0.5457,30
mo,8,17,20.0233,30.06,20028000.0,21.8094,1.8784,0.4803,30
mo,8,18,19.6167,30.39,21415666.7,21.6734,1.7099,0.1807,30
mo,8,19,19.84,30.2467,19459333.3,22.2994,1.9512,0.2983,30
mo,8,20,19.69,29.36,19927333.3,21.861,2.0796,0.3387,30
mo,8,21,19.7833,30.07,21505333.3,21.8538,1.9639,0.2827,30
mo,8,22,19.7433,30.6333,21619333.3,21.4648,1.8808,0.3513,30
mo,8,23,19.9767,30.79,20652333.3,21.5707,1.9364,0.0797,30
mo,8,24,19.8633,30.8533,21237666.7,21.3214,2.2299,0.3,30
mo,8,25,20.04,30.63,20459000.0,21.654,2.0384,0.3203,30
mo,8,26,20.21,30.7367,20085000.0,22.7828,1.8104,0.5063,30
mo,8,27,20.6867,31.06,20885333.3,22.9355,1.8054,0.138,30
mo,8,28,20.4133,30.9667,19585666.7,22.4677,1.8267,0.0993,30
mo,8,29,20.03,30.41,19496666.7,21.9081,1.7386,0.105,30
mo,8,30,19.25,29.4933,18646333.3,21.0597,1.8195,0.124,30
mo,8,31,19.2267,29.61,18325000.0,20.7157,1.8121,0.3623,30
mo,9,1,18.7533,29.3233,19114333.3,20.2837,1.9845,0.4397,30
mo,9,2,18.55,29.2767,19765000.0,20.0788,1.8272,0.0723,30
mo,9,3,18.2667,29.7367,20302000.0,19.8447,1.927,0.167,30
mo,9,4,18.14,29.2667,20294666.7,19.6772,1.9639,0.3093,30
mo,9,5,17.6467,29.1067,20145000.0,19.0615,2.1095,0.064,30
mo,9,6,17.8733,28.54,19455666.7,19.0206,2.1749,0.0757,30
mo,9,7,17.3967,28.85,19241000.0,18.6766,1.9754,0.1833,30
mo,9,8,16.6267,27.6433,17857000.0,17.8788,2.0398,0.3593,30
mo,9,9,16.0967,27.02,18705333.3,17.6586,1.9577,0.233,30
mo,9,10,15.9933,27.56,18886333.3,17.2211,1.9862,0.197,30
mo,9,11,15.95,27.9967,19021000.0,17.2798,2.0503,0.233,30
mo,9,12,16.0,27.0767,17434333.3,16.4814,2.1116,0.289,30
mo,9,13,14.9567,26.7433,17840333.3,16.1361,1.9953,0.3343,30
mo,9,14,15.1167,26.4833,17464000.0,16.2632,2.1938,0.572,30
mo,9,15,15.1167,25.7333,16304666.7,16.0136,2.1138,0.3487,30
mo,9,16,15.3667,25.9967,16502666.7,16.6466,2.0235,0.2907,30
mo,9,17,15.56,26.5933,16397666.7,17.2957,1.9819,0.188,30
mo,9,18,16.0733,27.4067,17034333.3,17.6235,2.1361,0.2687,30
mo,9,19,16.9867,27.7467,16600333.3,17.9459,2.3654,0.2363,30
mo,9,20,15.9633,27.2267,16253333.3,17.5461,2.1842,0.1747,30
mo,9,21,15.0233,25.94,16488333.3,16.2156,2.3575,0.258,30
mo,9,22,14.2,25.0667,16649000.0,15.3093,2.218,0.2963,30
mo,9,23,13.67,24.7133,14793666.7,15.1591,1.9957,0.355,30
mo,9,24,14.4367,24.8867,15471666.7,15.3727,2.2311,0.1547,30
mo,9,25,13.6267,25.4167,16825000.0,15.3035,1.955,0.2677,30
mo,9,26,13.1933,25.04,16718333.3,14.4417,2.0762,0.2503,30
mo,9,27,12.9933,25.17,16274666.7,14.0502,2.0266,0.0597,30
mo,9,28,12.8933,23.9767,15572000.0,13.9134,2.2572,0.323,30
mo,9,29,11.88,24.4767,17292666.7,13.4051,2.0736,0.0903,30
mo,9,30,12.79,24.9867,16700333.3,13.5159,2.3532,0.1217,30
mo,10,1,12.9033,24.4867,16241333.3,13.4919,2.3611,0.1077,30
mo,10,2,12.79,23.9033,14429000.0,13.9804,2.3271,0.26,30
mo,10,3,12.7367,23.63,14049666.7,14.1102,2.4588,0.2943,30
mo,10,4,11.7833,23.1833,14592333.3,13.6646,2.4052,0.2207,30
mo,10,5,11.7267,22.9667,12899000.0,13.432,2.3317,0.5553,30
mo,10,6,11.3867,22.0967,13340666.7,12.8651,2.438,0.2633,30
mo,10,7,10.2633,21.5733,14853333.3,12.0906,2.2618,0.218,30
mo,10,8,9.81,22.4833,15019000.0,12.1223,2.0259,0.2613,30
mo,10,9,10.5,22.3767,14086666.7,12.396,2.0736,0.176,30
mo,10,10,9.68,21.9667,13259666.7,12.1745,2.108,0.4957,30
mo,10,11,10.2333,21.57,13191000.0,12.2774,2.3216,0.2573,30
mo,10,12,11.1533,21.1033,11967000.0,12.1171,2.4607,0.2713,30
mo,10,13,10.3533,20.5633,12902666.7,11.2433,2.7414,0.4157,30
mo,10,14,8.9433,19.71,12317666.7,10.2313,2.711,0.2987,30
mo,10,15,8.72,19.54,12521000.0,10.3465,2.4598,0.33,30
mo,10,16,7.5967,18.7067,13426000.0,9.6011,2.4545,0.054,30
mo,10,17,7.45,19.3767,13209333.3,9.6494,2.3992,0.147,30
mo,10,18,7.31,18.9967,13192666.7,9.294,2.5515,0.228,30
mo,10,19,7.3467,18.3833,12049333.3,9.2113,2.4916,0.086,30
mo,10,20,7.95,19.93,13004000.0,9.6096,2.4325,0.1123,30
mo,10,21,8.62,19.7567,12360666.7,10.0947,2.4957,0.1773,30
mo,10,22,8.4733,20.0333,11185000.0,10.5416,2.5723,0.587,30
mo,10,23,8.89,18.91,10772333.3,10.7466,2.9444,0.3117,30
mo,10,24,7.84,18.2267,10804666.7,10.324,2.6801,0.1873,30
mo,10,25,8.1067,18.0833,9948666.7,10.1008,2.6506,0.3637,30
mo,10,26,7.79,16.7533,9728666.7,10.0959,2.5946,0.3387,30
mo,10,27,6.3367,15.89,10293666.7,9.4071,2.3623,0.1293,30
mo,10,28,6.1733,16.2267,10798333.3,8.84,2.4279,0.1413,30
mo,10,29,6.7133,17.3233,10296333.3,9.3611,2.6549,0.3163,30
mo,10,30,8.4967,17.66,9360666.7,9.8352,2.8254,0.2147,30
mo,10,31,6.73,16.1167,9784666.7,9.3682,2.5522,0.4283,30
mo,11,1,5.42,16.07,10202333.3,8.7354,2.3379,0.264,30
mo,11,2,5.1733,16.37,10547666.7,8.5668,2.5141,0.181,30
mo,11,3,4.7,15.84,10362333.3,8.1843,2.5704,0.3197,30
mo,11,4,6.51,15.5267,9236000.0,8.8136,2.4241,0.1857,30
mo,11,5,6.26,14.8267,8694333.3,9.0509,2.4457,0.3563,30
mo,11,6,6.0067,15.7133,9838000.0,9.0703,2.6767,0.341,30
mo,11,7,4.9133,15.47,10612333.3,8.1211,2.291,0.0603,30
mo,11,8,5.21,15.14,9855666.7,8.3166,2.3762,0.227,30
mo,11,9,5.33,15.3767,9480666.7,8.2466,2.5515,0.1563,30
mo,11,10,4.8633,15.03,9502666.7,8.5543,2.8233,0.2597,30
mo,11,11,2.3767,13.4967,8961666.7,7.2486,2.7823,0.2353,30
mo,11,12,1.7533,11.04,9288666.7,6.4498,2.6011,0.1117,30
mo,11,13,1.14,11.3533,9861000.0,6.0495,2.4792,0.054,30
mo,11,14,3.3333,11.6167,8453333.3,6.7608,2.4186,0.0683,30
mo,11,15,2.32,12.2033,8610000.0,6.8096,2.3978,0.2297,30
mo,11,16,2.3467,12.3767,9346333.3,7.0987,2.6387,0.139,30
mo,11,17,3.0033,12.73,8600333.3,7.5744,2.6123,0.299,30
mo,11,18,2.71,12.3267,8289666.7,7.2605,2.7098,0.2313,30
mo,11,19,2.8933,12.8133,9490666.7,6.5723,2.8582,0.0583,30
mo,11,20,1.8067,12.1633,8537000.0,6.3879,2.4423,0.044,30
mo,11,21,1.7967,12.12,7966666.7,6.5089,2.6171,0.1553,30
mo,11,22,1.88,11.08,7957000.0,6.5065,2.4105,0.0987,30
mo,11,23,1.9067,12.04,7925000.0,6.8923,2.4624,0.204,30
mo,11,24,1.3133,11.3967,7545666.7,6.5495,2.8115,0.2417,30
mo,11,25,1.3733,10.32,7890000.0,6.2753,2.5627,0.1493,30
mo,11,26,0.6833,10.4633,8026333.3,6.1928,2.5161,0.1903,30
mo,11,27,0.54,10.31,7445333.3,6.2711,2.534,0.3917,30
mo,11,28,0.7467,9.63,7274333.3,6.2263,2.5086,0.0937,30
mo,11,29,1.64,10.3633,6313333.3,6.4936,2.7069,0.217,30
mo,11,30,0.4067,9.0467,6863333.3,5.9639,2.6918,0.3457,30
mo,12,1,-0.8967,8.6367,8154333.3,5.4118,2.6796,0.284,30
mo,12,2,0.52,9.9733,7725333.3,6.0333,2.4121,0.0523,30
mo,12,3,0.3133,9.6,7228000.0,6.5546,2.4663,0.1157,30
mo,12,4,0.2733,8.4733,6944000.0,6.4084,2.5266,0.1357,30
mo,12,5,-1.8933,7.7833,7460666.7,5.4049,2.8309,0.218,30
mo,12,6,-1.9467,5.7,6866333.3,5.054,2.3264,0.176,30
mo,12,7,-3.0667,5.6533,8106666.7,4.857,2.0791,0.0833,30
mo,12,8,-1.95,5.97,6945000.0,5.2906,2.3295,0.1147,30
mo,12,9,-2.7233,6.3067,7144333.3,5.4189,2.4332,0.2567,30
mo,12,10,-3.3367,6.4667,7500000.0,4.7328,2.3798,0.2083,30
mo,12,11,-2.4633,6.8067,6959000.0,5.0537,2.3575,0.153,30
mo,12,12,-1.7367,6.0933,6357666.7,5.2649,2.4265,0.0607,30
mo,12,13,-0.9567,7.11,5916666.7,5.6795,2.3841,0.3613,30
mo,12,14,-0.9667,7.4633,5945333.3,6.2126,2.348,0.3283,30
mo,12,15,-1.3067,7.1967,6763666.7,5.6636,2.7567,0.1707,30
mo,12,16,-1.7167,6.4167,6512666.7,5.3325,2.6126,0.103,30
mo,12,17,-3.15,4.9333,6827333.3,4.8842,2.1488,0.0507,30
mo,12,18,-2.5633,5.8767,7544666.7,4.9855,2.6341,0.09,30
mo,12,19,-3.0767,5.91,7132000.0,4.7468,2.4756,0.1277,30
mo,12,20,-2.87,6.18,6307333.3,4.6682,2.5836,0.258,30
mo,12,21,-2.3033,5.69,6671000.0,5.085,2.4584,0.1353,30
mo,12,22,-3.6267,5.6833,6321000.0,5.1174,2.4064,0.162,30
mo,12,23,-2.6667,4.2933,6504666.7,5.0554,2.7569,0.1383,30
mo,12,24,-4.5533,3.5033,6911333.3,4.8087,2.5891,0.173,30
mo,12,25,-4.1367,4.77,7170333.3,4.6855,2.5426,0.1893,30
mo,12,26,-2.5633,5.52,6948333.3,5.0575,2.609,0.1097,30
mo,12,27,-2.2,6.4733,6332000.0,5.4914,2.568,0.31,30
mo,12,28,-1.8533,6.79,7111000.0,5.2081,2.6446,0.3653,30
mo,12,29,-2.1933,6.2267,7010666.7,5.2492,2.6257,0.1233,30
mo,12,30,-1.9767,6.47,6694000.0,5.4157,2.7328,0.113,30
mo,12,31,-2.8667,5.34,7700666.7,5.1333,2.4643,0.229,30
